time_ms,has_target,X_cam,Y_cam,Z_cam
1784614272240,1,0.659000,-0.277388,0.079624
1784614272274,1,0.661000,-0.277682,0.081512
1784614272308,1,0.662000,-0.274814,0.078339
1784614272341,1,0.670000,-0.268151,0.075949
1784614272376,1,0.675000,-0.263447,0.072034
1784614272409,1,0.683000,-0.243953,0.066086
1784614272442,1,0.697000,-0.212602,0.054136
1784614272476,1,0.708000,-0.173171,0.040301
1784614272509,1,0.714000,-0.135627,0.028791
1784614272544,1,0.720000,-0.095639,0.018875
1784614272578,1,0.726000,-0.060976,0.012404
1784614272612,1,0.728000,-0.029203,0.004584
1784614272646,1,0.731000,-0.005117,0.003390
1784614272679,1,0.733000,0.014894,0.002791
1784614272713,1,0.734000,0.030713,0.001576
1784614272747,1,0.734000,0.045296,0.000358
1784614272780,1,0.733000,0.055550,0.000966
1784614272814,1,0.735000,0.059352,0.002188
1784614272848,1,0.734000,0.053803,0.002794
1784614272881,1,0.738000,0.041877,0.002810
1784614272915,1,0.735000,0.024670,0.002798
1784614272947,1,0.734000,0.000938,0.003404
1784614272981,1,0.731000,-0.024482,0.004603
1784614273015,1,0.730000,-0.049226,0.005203
1784614273049,1,0.725000,-0.070495,0.005167
1784614273082,1,0.724000,-0.087180,0.007563
1784614273115,1,0.720000,-0.096235,0.008717
1784614273150,1,0.718000,-0.097157,0.009884
1784614273183,1,0.714000,-0.087158,0.008644
1784614273216,1,0.713000,-0.073460,0.008040
1784614273249,1,0.713000,-0.052211,0.008040
1784614273283,1,0.710000,-0.024366,0.007417
1784614273317,1,0.710000,0.001495,0.006239
1784614273350,1,0.708000,0.026694,0.006809
1784614273384,1,0.709000,0.046101,0.007407
1784614273419,1,0.704000,0.056849,0.005602
1784614273452,1,0.703000,0.057932,0.004427
1784614273487,1,0.702000,0.053201,0.003255
1784614273519,1,0.705000,0.038254,0.002099
1784614273553,1,0.705000,0.018994,0.001514
1784614273586,1,0.707000,-0.001437,0.002105
1784614273619,1,0.703000,-0.026454,0.002676
1784614273654,1,0.703000,-0.046823,0.004427
1784614273688,1,0.704000,-0.064374,0.007939
1784614273722,1,0.700000,-0.076757,0.009055
1784614273755,1,0.697000,-0.084506,0.010173
1784614273789,1,0.692000,-0.083900,0.010100
1784614273822,1,0.691000,-0.075198,0.010659
1784614273855,1,0.686000,-0.061024,0.009444
1784614273888,1,0.683000,-0.041533,0.010536
1784614273922,1,0.680000,-0.021648,0.011054
1784614273956,1,0.676000,-0.004732,0.009867
1784614273990,1,0.672000,0.011985,0.010924
1784614274023,1,0.668000,0.019656,0.010859
1784614274058,1,0.661000,0.024375,0.011294
1784614274091,1,0.657000,0.020420,0.009590
1784614274124,1,0.652000,0.011629,0.009517
1784614274158,1,0.648000,-0.003463,0.009458
1784614274191,1,0.643000,-0.015679,0.008852
1784614274225,1,0.640000,-0.026203,0.008810
1784614274258,1,0.637000,-0.037681,0.008769
1784614274291,1,0.635000,-0.043345,0.009269
1784614274326,1,0.633000,-0.044781,0.008714
1784614274359,1,0.632000,-0.043664,0.008700
1784614274393,1,0.630000,-0.039353,0.006581
1784614274427,1,0.630000,-0.033095,0.006581
1784614274460,1,0.630000,-0.026836,0.004490
1784614274494,1,0.628000,-0.022072,0.002912
1784614274528,1,0.629000,-0.017942,0.001873
1784614274561,1,0.631000,-0.013820,0.002926
1784614274595,1,0.631000,-0.013297,0.002402
1784614274629,1,0.634000,-0.012836,0.003992
1784614274663,1,0.638000,-0.013445,0.006665
1784614274696,1,0.638000,-0.018726,0.006665
1784614274729,1,0.641000,-0.023590,0.007228
1784614274763,1,0.642000,-0.027879,0.007239
1784614274796,1,0.644000,-0.032231,0.008331
1784614274831,1,0.645000,-0.037087,0.007809
1784614274863,1,0.648000,-0.041014,0.008383
1784614274896,1,0.651000,-0.045515,0.008421
1784614274930,1,0.649000,-0.050748,0.006241
1784614274965,1,0.653000,-0.054305,0.006280
1784614274998,1,0.655000,-0.055013,0.005755
1784614275031,1,0.655000,-0.053929,0.004668
1784614275065,1,0.658000,-0.052542,0.004143
1784614275098,1,0.661000,-0.046762,0.004711
1784614275132,1,0.662000,-0.041352,0.003619
1784614275167,1,0.665000,-0.031080,0.004187
1784614275198,1,0.667000,-0.021786,0.004754
1784614275233,1,0.666000,-0.012932,0.006957
1784614275266,1,0.668000,-0.002464,0.008641
1784614275299,1,0.665000,0.005805,0.009155
1784614275333,1,0.665000,0.012962,0.011914
1784614275366,1,0.660000,0.020513,0.012920
1784614275400,1,0.658000,0.024809,0.015065
1784614275434,1,0.653000,0.032729,0.015493
1784614275468,1,0.649000,0.040051,0.016475
1784614275501,1,0.644000,0.044540,0.015814
1784614275535,1,0.640000,0.048502,0.015715
1784614275568,1,0.638000,0.052048,0.016196
1784614275602,1,0.636000,0.053464,0.015617
1784614275636,1,0.635000,0.051803,0.014012
1784614275669,1,0.636000,0.050305,0.012450
1784614275703,1,0.639000,0.043665,0.010918
1784614275737,1,0.642000,0.035367,0.008838
1784614275771,1,0.648000,0.029796,0.009458
1784614275805,1,0.652000,0.022963,0.008976
1784614275838,1,0.655000,0.019273,0.007386
1784614275871,1,0.659000,0.017755,0.007978
1784614275905,1,0.662000,0.017835,0.006916
1784614275939,1,0.667000,0.024044,0.007521
1784614275972,1,0.670000,0.031917,0.007555
1784614276005,1,0.672000,0.041470,0.007020
1784614276040,1,0.671000,0.050851,0.006453
1784614276073,1,0.673000,0.058803,0.005355
1784614276107,1,0.673000,0.062146,0.004238
1784614276140,1,0.677000,0.061394,0.004263
1784614276174,1,0.677000,0.056350,0.001454
1784614276206,1,0.683000,0.049499,0.002033
1784614276241,1,0.687000,0.036708,0.001475
1784614276274,1,0.688000,0.021953,0.000335
1784614276307,1,0.691000,0.006032,0.000337
1784614276341,1,0.692000,-0.011146,0.000337
1784614276374,1,0.692000,-0.023749,-0.000811
1784614276409,1,0.695000,-0.030756,0.000339
1784614276442,1,0.698000,-0.031466,0.000920
1784614276476,1,0.696000,-0.025614,-0.001394
1784614276511,1,0.697000,-0.018150,-0.001974
1784614276544,1,0.699000,-0.010680,-0.000239
1784614276577,1,0.700000,-0.004900,0.000922
1784614276610,1,0.699000,-0.000264,0.000921
1784614276644,1,0.697000,-0.002571,0.000918
1784614276678,1,0.695000,-0.007166,0.000916
1784614276711,1,0.693000,-0.015178,0.003213
1784614276745,1,0.692000,-0.025467,0.004357
1784614276779,1,0.687000,-0.036089,0.004896
1784614276813,1,0.685000,-0.047893,0.005450
1784614276846,1,0.681000,-0.056633,0.006549
1784614276879,1,0.678000,-0.063119,0.008771
1784614276914,1,0.672000,-0.067567,0.010366
1784614276947,1,0.668000,-0.066612,0.014185
1784614276980,1,0.660000,-0.059258,0.014015
1784614277013,1,0.655000,-0.048506,0.015540
1784614277047,1,0.650000,-0.031993,0.017579
1784614277079,1,0.642000,-0.013529,0.017363
1784614277114,1,0.637000,0.005033,0.018814
1784614277147,1,0.628000,0.022118,0.015942
1784614277181,1,0.623000,0.035352,0.016849
1784614277215,1,0.619000,0.041274,0.015713
1784614277248,1,0.618000,0.042230,0.015688
1784614277282,1,0.618000,0.036091,0.014662
1784614277315,1,0.618000,0.025347,0.013124
1784614277348,1,0.616000,0.014556,0.010525
1784614277383,1,0.616000,0.003847,0.007969
1784614277416,1,0.617000,-0.006873,0.005421
1784614277451,1,0.616000,-0.016551,0.002856
1784614277483,1,0.616000,-0.023690,0.002856
1784614277518,1,0.617000,-0.029347,0.004397
1784614277551,1,0.620000,-0.031030,0.004933
1784614277585,1,0.621000,-0.029023,0.003910
1784614277619,1,0.622000,-0.026496,0.003400
1784614277652,1,0.625000,-0.022484,0.003417
1784614277686,1,0.626000,-0.018374,0.003422
1784614277719,1,0.628000,-0.012194,0.003433
1784614277753,1,0.631000,-0.004939,0.002402
1784614277787,1,0.635000,0.002915,0.002945
1784614277821,1,0.637000,0.008724,0.003482
1784614277854,1,0.638000,0.009794,0.003488
1784614277888,1,0.640000,0.008766,0.003499
1784614277921,1,0.642000,0.005604,0.004575
1784614277955,1,0.643000,0.002419,0.004583
1784614277989,1,0.647000,0.000827,0.006222
1784614278022,1,0.649000,-0.000245,0.006241
1784614278055,1,0.649000,0.000830,0.006241
1784614278089,1,0.649000,0.000830,0.005164
1784614278123,1,0.649000,-0.000782,0.004625
1784614278156,1,0.649000,-0.000245,0.004087
1784614278190,1,0.649000,-0.000782,0.003548
1784614278224,1,0.651000,0.000832,0.004099
1784614278257,1,0.651000,0.000832,0.004099
1784614278290,1,0.650000,0.001907,0.004093
1784614278324,1,0.648000,0.002438,0.003543
1784614278357,1,0.648000,0.002438,0.003543
1784614278392,1,0.647000,0.002434,0.002463
1784614278426,1,0.647000,0.003505,0.002463
1784614278459,1,0.647000,0.004576,0.001389
1784614278493,1,0.646000,0.005104,0.001923
1784614278526,1,0.645000,0.004562,0.002456
1784614278560,1,0.645000,0.006164,0.001920
1784614278593,1,0.647000,0.005648,0.003537
1784614278626,1,0.645000,0.005096,0.002991
1784614278660,1,0.645000,0.005630,0.002456
1784614278694,1,0.647000,0.005112,0.003000
1784614278728,1,0.646000,0.005639,0.003532
1784614278761,1,0.644000,0.004555,0.002452
1784614278795,1,0.643000,0.004548,0.001381
1784614278829,1,0.645000,0.005096,0.001920
1784614278862,1,0.644000,0.003489,0.001383
1784614278896,1,0.644000,0.004022,0.000848
1784614278930,1,0.644000,0.004022,0.000848
1784614278964,1,0.645000,0.003494,0.002456
1784614278997,1,0.644000,0.003489,0.001383
1784614279030,1,0.644000,0.003489,0.001383
1784614279063,1,0.644000,0.003489,0.001383
1784614279097,1,0.645000,0.003494,0.002456
1784614279131,1,0.645000,0.002426,0.002456
1784614279165,1,0.645000,0.002960,0.001920
1784614279198,1,0.646000,0.002430,0.002459
1784614279232,1,0.647000,0.001898,0.003000
1784614279265,1,0.646000,0.002430,0.002459
1784614279299,1,0.648000,0.001901,0.003005
1784614279332,1,0.647000,0.001898,0.003000
1784614279366,1,0.647000,0.001363,0.003537
1784614279399,1,0.647000,0.001363,0.004611
1784614279432,1,0.647000,0.000292,0.004611
1784614279466,1,0.648000,-0.001317,0.005156
1784614279501,1,0.648000,-0.003463,0.005156
1784614279534,1,0.645000,-0.005049,0.005667
1784614279567,1,0.645000,-0.006117,0.004597
1784614279601,1,0.643000,-0.008759,0.002982
1784614279635,1,0.644000,-0.009306,0.004590
1784614279669,1,0.645000,-0.011990,0.005132
1784614279701,1,0.642000,-0.012466,0.002444
1784614279735,1,0.644000,-0.015704,0.003521
1784614279770,1,0.645000,-0.017864,0.004597
1784614279803,1,0.645000,-0.018932,0.003526
1784614279837,1,0.646000,-0.021635,0.002996
1784614279871,1,0.645000,-0.023204,0.003526
1784614279904,1,0.648000,-0.024384,0.003543
1784614279937,1,0.650000,-0.024460,0.003554
1784614279971,1,0.650000,-0.026074,0.003014
1784614280004,1,0.652000,-0.026154,0.003023
1784614280038,1,0.652000,-0.025614,0.003564
1784614280072,1,0.653000,-0.024032,0.003028
1784614280105,1,0.654000,-0.024069,0.004118
1784614280138,1,0.653000,-0.022410,0.003570
1784614280173,1,0.654000,-0.020820,0.003033
1784614280206,1,0.654000,-0.019196,0.002490
1784614280239,1,0.654000,-0.017030,0.002490
1784614280274,1,0.656000,-0.015453,0.003042
1784614280308,1,0.656000,-0.015453,0.003042
1784614280342,1,0.657000,-0.013845,0.002501
1784614280374,1,0.658000,-0.011687,0.002505
1784614280408,1,0.658000,-0.011687,0.002505
1784614280441,1,0.662000,-0.011210,0.004169
1784614280475,1,0.665000,-0.009610,0.005843
1784614280508,1,0.667000,-0.010191,0.006414
1784614280541,1,0.668000,-0.007441,0.008087
1784614280575,1,0.670000,-0.005245,0.009223
1784614280608,1,0.670000,-0.004135,0.009223
1784614280643,1,0.671000,-0.004142,0.012578
1784614280675,1,0.669000,-0.003575,0.013096
1784614280709,1,0.666000,-0.004111,0.013590
1784614280743,1,0.662000,-0.005182,0.013508
1784614280776,1,0.657000,-0.006231,0.013406
1784614280809,1,0.653000,-0.009977,0.013867
1784614280843,1,0.646000,-0.011474,0.013182
1784614280878,1,0.643000,-0.015147,0.013654
1784614280913,1,0.636000,-0.018141,0.013506
1784614280945,1,0.632000,-0.021166,0.014470
1784614280978,1,0.626000,-0.025111,0.014332
1784614281011,1,0.622000,-0.027010,0.015273
1784614281045,1,0.616000,-0.031339,0.014615
1784614281079,1,0.613000,-0.034739,0.014035
1784614281112,1,0.610000,-0.037094,0.013460
1784614281146,1,0.609000,-0.037537,0.011922
1784614281180,1,0.607000,-0.037917,0.010371
1784614281213,1,0.605000,-0.036289,0.008831
1784614281247,1,0.606000,-0.032336,0.008845
1784614281281,1,0.608000,-0.027409,0.008874
1784614281315,1,0.607000,-0.020832,0.008356
1784614281348,1,0.607000,-0.013797,0.007349
1784614281382,1,0.609000,-0.008800,0.007373
1784614281415,1,0.610000,-0.007805,0.007385
1784614281449,1,0.613000,-0.008351,0.006912
1784614281481,1,0.612000,-0.013910,0.005377
1784614281515,1,0.614000,-0.019039,0.005395
1784614281549,1,0.616000,-0.024710,0.004901
1784614281583,1,0.618000,-0.029395,0.005430
1784614281616,1,0.619000,-0.033542,0.005439
1784614281650,1,0.623000,-0.035822,0.006508
1784614281684,1,0.625000,-0.038524,0.006010
1784614281717,1,0.625000,-0.041111,0.005492
1784614281751,1,0.627000,-0.044876,0.006030
1784614281784,1,0.627000,-0.046433,0.006550
1784614281818,1,0.630000,-0.045090,0.006058
1784614281852,1,0.630000,-0.045090,0.006058
1784614281885,1,0.632000,-0.040001,0.005029
1784614281919,1,0.632000,-0.035293,0.004504
1784614281953,1,0.634000,-0.029631,0.003992
1784614281987,1,0.636000,-0.026565,0.005060
1784614282021,1,0.638000,-0.022424,0.005076
1784614282054,1,0.638000,-0.021367,0.004017
1784614282087,1,0.642000,-0.022564,0.004043
1784614282122,1,0.642000,-0.026816,0.002977
1784614282156,1,0.644000,-0.032231,0.004055
1784614282189,1,0.645000,-0.038154,0.003526
1784614282223,1,0.647000,-0.044165,0.004074
1784614282255,1,0.647000,-0.047914,0.003537
1784614282289,1,0.649000,-0.051823,0.003009
1784614282322,1,0.648000,-0.053889,0.001929
1784614282356,1,0.650000,-0.054593,0.002475
1784614282391,1,0.651000,-0.053599,0.002478
1784614282424,1,0.654000,-0.050056,0.003033
1784614282457,1,0.653000,-0.044574,0.001944
1784614282492,1,0.655000,-0.038746,0.001406
1784614282525,1,0.656000,-0.030116,0.001409
1784614282559,1,0.657000,-0.022547,0.001411
1784614282592,1,0.658000,-0.017679,0.000867
1784614282626,1,0.659000,-0.016615,0.000868
1784614282659,1,0.660000,-0.018826,0.001965
1784614282693,1,0.662000,-0.025459,0.000872
1784614282727,1,0.662000,-0.032584,0.001422
1784614282760,1,0.662000,-0.039160,0.001422
1784614282793,1,0.663000,-0.044708,0.001424
1784614282827,1,0.666000,-0.046564,0.001983
1784614282861,1,0.665000,-0.051449,0.001428
1784614282895,1,0.667000,-0.054917,0.002539
1784614282929,1,0.668000,-0.055552,0.003098
1784614282963,1,0.668000,-0.057211,0.002543
1784614282997,1,0.670000,-0.054609,0.003107
1784614283030,1,0.671000,-0.050247,0.003111
1784614283063,1,0.670000,-0.044625,0.001995
1784614283097,1,0.671000,-0.037471,0.002555
1784614283131,1,0.671000,-0.030805,0.002555
1784614283164,1,0.673000,-0.026439,0.003679
1784614283198,1,0.675000,-0.023724,0.004250
1784614283232,1,0.673000,-0.021425,0.003121
1784614283266,1,0.673000,-0.020311,0.003121
1784614283298,1,0.673000,-0.020311,0.003121
1784614283332,1,0.673000,-0.025325,0.003679
1784614283367,1,0.671000,-0.028583,0.003668
1784614283400,1,0.671000,-0.032471,0.004225
1784614283434,1,0.670000,-0.032423,0.004219
1784614283468,1,0.668000,-0.031773,0.003652
1784614283499,1,0.667000,-0.031173,0.003093
1784614283533,1,0.668000,-0.030114,0.004206
1784614283567,1,0.668000,-0.029008,0.004206
1784614283600,1,0.666000,-0.028370,0.005852
1784614283635,1,0.663000,-0.028242,0.006926
1784614283669,1,0.662000,-0.027651,0.007465
1784614283701,1,0.660000,-0.028661,0.008538
1784614283734,1,0.654000,-0.031107,0.009003
1784614283769,1,0.649000,-0.032481,0.009473
1784614283802,1,0.643000,-0.032713,0.009919
1784614283835,1,0.636000,-0.034463,0.008755
1784614283870,1,0.630000,-0.035703,0.009196
1784614283903,1,0.624000,-0.034329,0.010144
1784614283935,1,0.617000,-0.033944,0.010030
1784614283970,1,0.608000,-0.031939,0.008370
1784614284003,1,0.603000,-0.028681,0.010303
1784614284036,1,0.597000,-0.024442,0.009209
1784614284071,1,0.593000,-0.020351,0.008163
1784614284104,1,0.591000,-0.016858,0.007645
1784614284138,1,0.588000,-0.014825,0.007607
1784614284172,1,0.588000,-0.009957,0.007607
1784614284204,1,0.588000,-0.007523,0.008095
1784614284238,1,0.588000,-0.001682,0.009070
1784614284272,1,0.588000,0.001725,0.008582
1784614284306,1,0.588000,0.007080,0.009070
1784614284339,1,0.588000,0.010974,0.009070
1784614284374,1,0.587000,0.016787,0.008081
1784614284406,1,0.588000,0.021683,0.009070
1784614284439,1,0.588000,0.026064,0.009558
1784614284474,1,0.590000,0.028595,0.010081
1784614284507,1,0.589000,0.030009,0.010552
1784614284541,1,0.588000,0.028011,0.010534
1784614284576,1,0.589000,0.025133,0.011530
1784614284607,1,0.589000,0.023670,0.012997
1784614284641,1,0.590000,0.023710,0.013998
1784614284675,1,0.588000,0.020223,0.014438
1784614284708,1,0.590000,0.018338,0.015467
1784614284742,1,0.589000,0.017331,0.016418
1784614284775,1,0.589000,0.020257,0.016418
1784614284809,1,0.588000,0.022656,0.015902
1784614284843,1,0.588000,0.024604,0.016878
1784614284875,1,0.587000,0.026991,0.016363
1784614284910,1,0.586000,0.028401,0.015848
1784614284943,1,0.587000,0.030393,0.016850
1784614284977,1,0.587000,0.030393,0.016850
1784614285009,1,0.586000,0.031312,0.015848
1784614285043,1,0.587000,0.031365,0.015875
1784614285079,1,0.589000,0.030984,0.016418
1784614285111,1,0.587000,0.029421,0.015875
1784614285145,1,0.589000,0.027571,0.015929
1784614285178,1,0.591000,0.026686,0.014022
1784614285213,1,0.592000,0.024771,0.011097
1784614285245,1,0.595000,0.023419,0.008685
1784614285278,1,0.596000,0.024445,0.007710
1784614285312,1,0.595000,0.025882,0.004240
1784614285347,1,0.596000,0.027899,0.003258
1784614285380,1,0.600000,0.029576,0.005770
1784614285413,1,0.599000,0.032006,0.006257
1784614285447,1,0.601000,0.031118,0.007276
1784614285480,1,0.603000,0.031721,0.007801
1784614285514,1,0.605000,0.030824,0.007826
1784614285548,1,0.605000,0.029823,0.007826
1784614285581,1,0.605000,0.025315,0.008329
1784614285615,1,0.604000,0.020773,0.007813
1784614285648,1,0.604000,0.016273,0.008315
1784614285682,1,0.604000,0.015773,0.007813
1784614285715,1,0.602000,0.015222,0.007288
1784614285749,1,0.604000,0.015773,0.007813
1784614285783,1,0.606000,0.016828,0.007839
1784614285816,1,0.607000,0.017861,0.007852
1784614285850,1,0.608000,0.019904,0.006856
1784614285884,1,0.610000,0.021989,0.005866
1784614285917,1,0.613000,0.024127,0.004877
1784614285951,1,0.614000,0.025183,0.003866
1784614285984,1,0.618000,0.025347,0.003891
1784614286018,1,0.619000,0.026926,0.003384
1784614286051,1,0.622000,0.027056,0.003400
1784614286085,1,0.624000,0.028176,0.004447
1784614286119,1,0.626000,0.028785,0.003942
1784614286153,1,0.627000,0.029869,0.003948
1784614286187,1,0.627000,0.028831,0.003948
1784614286220,1,0.628000,0.027837,0.003954
1784614286253,1,0.626000,0.023084,0.004461
1784614286287,1,0.625000,0.017873,0.004454
1784614286321,1,0.625000,0.009595,0.005492
1784614286355,1,0.622000,0.001310,0.005465
1784614286388,1,0.618000,-0.008419,0.004917
1784614286421,1,0.612000,-0.016950,0.003346
1784614286455,1,0.611000,-0.026533,0.004862
1784614286489,1,0.606000,-0.034342,0.003816
1784614286522,1,0.600000,-0.042446,0.003280
1784614286555,1,0.597000,-0.051130,0.005246
1784614286589,1,0.594000,-0.059725,0.008177
1784614286622,1,0.591000,-0.062358,0.008136
1784614286656,1,0.591000,-0.062848,0.009607
1784614286689,1,0.591000,-0.059912,0.010588
1784614286723,1,0.591000,-0.051595,0.013041
1784614286756,1,0.593000,-0.038515,0.011608
1784614286790,1,0.591000,-0.025664,0.008626
1784614286824,1,0.592000,-0.012966,0.007658
1784614286857,1,0.596000,-0.002198,0.007710
1784614286890,1,0.597000,0.003729,0.007723
1784614286925,1,0.600000,0.003251,0.008260
1784614286958,1,0.602000,-0.001722,0.007288
1784614286993,1,0.607000,-0.012792,0.007349
1784614287026,1,0.609000,-0.028967,0.006362
1784614287060,1,0.614000,-0.048520,0.007433
1784614287093,1,0.619000,-0.065825,0.006980
1784614287127,1,0.620000,-0.080816,0.006477
1784614287160,1,0.624000,-0.090119,0.003929
1784614287194,1,0.629000,-0.096569,0.002395
1784614287227,1,0.634000,-0.096812,-0.001269
1784614287262,1,0.639000,-0.090170,-0.005522
1784614287294,1,0.647000,-0.076301,-0.007739
1784614287328,1,0.659000,-0.057531,-0.007336
1784614287362,1,0.669000,-0.037359,-0.009668
1784614287397,1,0.677000,-0.017069,-0.013716
1784614287430,1,0.687000,0.004859,-0.014489
1784614287465,1,0.696000,0.017023,-0.015257
1784614287498,1,0.706000,0.026034,-0.014890
1784614287531,1,0.716000,0.025810,-0.015695
1784614287564,1,0.729000,0.019037,-0.015980
1784614287598,1,0.738000,0.007053,-0.016177
1784614287631,1,0.746000,-0.008310,-0.018210
1784614287664,1,0.757000,-0.024099,-0.019107
1784614287698,1,0.765000,-0.038920,-0.018674
1784614287732,1,0.773000,-0.052765,-0.019511
1784614287765,1,0.781000,-0.063656,-0.019713
1784614287799,1,0.791000,-0.065781,-0.018652
1784614287832,1,0.798000,-0.065702,-0.019479
1784614287866,1,0.804000,-0.060872,-0.019626
1784614287899,1,0.811000,-0.050660,-0.019797
1784614287933,1,0.819000,-0.039633,-0.020672
1784614287967,1,0.823000,-0.025519,-0.021456
1784614288000,1,0.830000,-0.009933,-0.023705
1784614288034,1,0.832000,0.001064,-0.025143
1784614288068,1,0.839000,0.005935,-0.024658
1784614288101,1,0.844000,0.003874,-0.025505
1784614288134,1,0.845000,-0.002417,-0.029042
1784614288169,1,0.851000,-0.010184,-0.029954
1784614288202,1,0.856000,-0.017330,-0.031551
1784614288235,1,0.863000,-0.023187,-0.031809
1784614288269,1,0.861000,-0.025272,-0.033879
1784614288302,1,0.866000,-0.026136,-0.033357
1784614288336,1,0.869000,-0.023349,-0.034915
1784614288370,1,0.868000,-0.021885,-0.037757
1784614288404,1,0.869000,-0.021910,-0.037800
1784614288437,1,0.870000,-0.024816,-0.039288
1784614288471,1,0.868000,-0.026196,-0.040638
1784614288505,1,0.866000,-0.026852,-0.039826
1784614288538,1,0.865000,-0.029686,-0.042651
1784614288572,1,0.863000,-0.029617,-0.045417
1784614288606,1,0.861000,-0.030261,-0.047456
1784614288641,1,0.860000,-0.034498,-0.047401
1784614288673,1,0.857000,-0.035796,-0.047235
1784614288706,1,0.853000,-0.038454,-0.047015
1784614288739,1,0.849000,-0.039679,-0.045385
1784614288773,1,0.846000,-0.040940,-0.041012
1784614288807,1,0.842000,-0.041443,-0.038722
1784614288840,1,0.836000,-0.042532,-0.039834
1784614288873,1,0.832000,-0.043706,-0.043786
1784614288908,1,0.828000,-0.046238,-0.044950
1784614288940,1,0.821000,-0.046527,-0.045251
1784614288974,1,0.816000,-0.045568,-0.044298
1784614289008,1,0.808000,-0.045790,-0.044535
1784614289042,1,0.800000,-0.048648,-0.048741
1784614289075,1,0.792000,-0.048161,-0.053512
1784614289109,1,0.784000,-0.050271,-0.055574
1784614289142,1,0.773000,-0.045726,-0.056078
1784614289177,1,0.764000,-0.044561,-0.059863
1784614289209,1,0.756000,-0.043469,-0.062373
1784614289244,1,0.747000,-0.039241,-0.067830
1784614289277,1,0.740000,-0.032135,-0.067809
1784614289310,1,0.732000,-0.028151,-0.067076
1784614289344,1,0.723000,-0.022418,-0.066851
1784614289378,1,0.719000,-0.018128,-0.065885
1784614289411,1,0.711000,-0.013806,-0.064561
1784614289446,1,0.705000,-0.014273,-0.062261
1784614289479,1,0.700000,-0.018228,-0.061239
1784614289513,1,0.695000,-0.023276,-0.061378
1784614289547,1,0.690000,-0.030535,-0.059219
1784614289581,1,0.687000,-0.033814,-0.058961
1784614289614,1,0.684000,-0.035932,-0.059839
1784614289647,1,0.682000,-0.035262,-0.060230
1784614289682,1,0.679000,-0.036231,-0.058838
1784614289715,1,0.678000,-0.035616,-0.058189
1784614289748,1,0.677000,-0.035003,-0.055294
1784614289782,1,0.675000,-0.036576,-0.053450
1784614289815,1,0.676000,-0.037190,-0.049602
1784614289848,1,0.674000,-0.038754,-0.045539
1784614289882,1,0.675000,-0.040488,-0.041686
1784614289916,1,0.674000,-0.038196,-0.037149
1784614289950,1,0.674000,-0.038196,-0.036030
1784614289983,1,0.675000,-0.038253,-0.032723
1784614290017,1,0.676000,-0.036071,-0.029405
1784614290050,1,0.675000,-0.034341,-0.027681
1784614290084,1,0.677000,-0.031080,-0.024392
1784614290118,1,0.676000,-0.031594,-0.021551
1784614290150,1,0.676000,-0.031594,-0.019306
1784614290186,1,0.677000,-0.029959,-0.018773
1784614290217,1,0.678000,-0.029442,-0.020489
1784614290253,1,0.678000,-0.027197,-0.017113
1784614290287,1,0.676000,-0.025998,-0.013696
1784614290320,1,0.676000,-0.027117,-0.013696
1784614290354,1,0.676000,-0.028236,-0.014818
1784614290387,1,0.676000,-0.026557,-0.014257
1784614290421,1,0.674000,-0.027595,-0.011978
1784614290453,1,0.674000,-0.028711,-0.014215
1784614290488,1,0.673000,-0.027554,-0.014194
1784614290524,1,0.673000,-0.026997,-0.014752
1784614290556,1,0.672000,-0.028069,-0.014731
1784614290590,1,0.671000,-0.028583,-0.014152
1784614290622,1,0.670000,-0.026876,-0.012462
1784614290656,1,0.671000,-0.027472,-0.011924
1784614290690,1,0.670000,-0.026876,-0.009126
1784614290724,1,0.669000,-0.026282,-0.005226
1784614290758,1,0.668000,-0.025690,0.000880
1784614290792,1,0.669000,-0.022959,0.006989
1784614290824,1,0.668000,-0.021819,0.016957
1784614290857,1,0.670000,-0.022994,0.025905
1784614290890,1,0.670000,-0.022439,0.037582
1784614290924,1,0.670000,-0.020775,0.049259
1784614290959,1,0.672000,-0.023062,0.062791
1784614290990,1,0.673000,-0.022539,0.075730
1784614291025,1,0.676000,-0.026557,0.090094
1784614291059,1,0.679000,-0.026675,0.105145
1784614291093,1,0.683000,-0.026832,0.117101
1784614291126,1,0.688000,-0.027598,0.128807
1784614291159,1,0.694000,-0.027839,0.134538
1784614291194,1,0.699000,-0.030933,0.138408
1784614291227,1,0.707000,-0.030116,0.142339
1784614291261,1,0.715000,-0.028681,0.140983
1784614291293,1,0.725000,-0.030283,0.138141
1784614291327,1,0.730000,-0.029283,0.129400
1784614291361,1,0.741000,-0.027271,0.121510
1784614291394,1,0.750000,-0.026360,0.111782
1784614291428,1,0.759000,-0.024791,0.101155
1784614291462,1,0.769000,-0.021935,0.090362
1784614291498,1,0.781000,-0.019691,0.080105
1784614291531,1,0.793000,-0.008177,0.069490
1784614291564,1,0.919000,0.039214,-0.197090
1784614291596,1,0.814000,0.016540,0.055792
1784614291630,1,0.825000,0.018129,0.048330
1784614291664,1,0.838000,0.012171,0.047005
1784614291698,1,0.846000,0.002482,0.051667
1784614291730,1,0.852000,-0.008785,0.056276
1784614291764,1,0.856000,-0.023708,0.057250
1784614291798,1,0.865000,-0.037563,0.054263
1784614291833,1,0.872000,-0.047251,0.048189
1784614291865,1,0.880000,-0.049142,0.041327
1784614291898,1,0.890000,-0.046016,0.035149
1784614291932,1,0.895000,-0.041088,0.025691
1784614291966,1,0.907000,-0.031127,0.020013
1784614291999,1,0.910000,-0.020683,0.012527
1784614292034,1,0.916000,-0.013237,0.009569
1784614292068,1,0.921000,-0.011022,0.005799
1784614292101,1,0.924000,-0.011822,0.003518
1784614292135,1,0.927000,-0.013396,0.001991
1784614292169,1,0.929000,-0.014963,0.000453
1784614292202,1,0.933000,-0.018889,-0.001868
1784614292234,1,0.935000,-0.018930,-0.001872
1784614292269,1,0.936000,-0.018950,-0.000321
1784614292302,1,0.934000,-0.019683,-0.001095
1784614292336,1,0.935000,-0.018930,0.001232
1784614292369,1,0.934000,-0.018909,0.002781
1784614292403,1,0.930000,-0.018828,0.004312
1784614292437,1,0.926000,-0.018747,0.004294
1784614292471,1,0.913000,-0.019996,0.004234
1784614292503,1,0.908000,-0.019135,0.006471
1784614292537,1,0.900000,-0.018221,0.007161
1784614292570,1,0.888000,-0.018713,0.009276
1784614292606,1,0.874000,-0.016971,0.009130
1784614292639,1,0.862000,-0.016738,0.010436
1784614292673,1,0.846000,-0.012926,0.012348
1784614292706,1,0.826000,-0.011936,0.010000
1784614292740,1,0.816000,-0.009765,0.011910
1784614292772,1,0.799000,-0.006254,0.009673
1784614292806,1,0.787000,-0.005509,0.010181
1784614292841,1,0.773000,-0.004771,0.009358
1784614292874,1,0.761000,-0.002177,0.009213
1784614292908,1,0.749000,-0.002763,0.009689
1784614292941,1,0.740000,-0.000892,0.010187
1784614292974,1,0.731000,-0.001486,0.009456
1784614293007,1,0.723000,-0.002068,0.009953
1784614293041,1,0.714000,-0.003816,0.009236
1784614293074,1,0.709000,-0.004376,0.009760
1784614293108,1,0.703000,-0.004921,0.011428
1784614293143,1,0.699000,-0.006050,0.011363
1784614293175,1,0.694000,-0.006582,0.013010
1784614293210,1,0.690000,-0.005401,0.014080
1784614293244,1,0.687000,-0.003672,0.015729
1784614293276,1,0.684000,-0.001391,0.016796
1784614293309,1,0.685000,0.000309,0.020800
1784614293344,1,0.681000,0.001434,0.021809
1784614293377,1,0.682000,0.003130,0.023539
1784614293411,1,0.681000,0.006508,0.024635
1784614293444,1,0.680000,0.008187,0.026291
1784614293478,1,0.683000,0.011051,0.029242
1784614293512,1,0.683000,0.012747,0.032076
1784614293545,1,0.685000,0.012784,0.033307
1784614293578,1,0.685000,0.010516,0.033307
1784614293612,1,0.686000,0.007124,0.032217
1784614293646,1,0.691000,0.002600,0.032451
1784614293679,1,0.692000,-0.002553,0.026181
1784614293713,1,0.693000,-0.006572,0.021043
1784614293747,1,0.692000,-0.005417,0.017566
1784614293779,1,0.691000,-0.000833,0.017541
1784614293814,1,0.689000,0.004303,0.016918
1784614293848,1,0.687000,0.007703,0.012308
1784614293881,1,0.682000,0.011599,0.007125
1784614293915,1,0.682000,0.018939,0.005426
1784614293949,1,0.677000,0.024965,0.005949
1784614293981,1,0.675000,0.029920,0.008732
1784614294015,1,0.667000,0.036744,0.010289
1784614294048,1,0.666000,0.040548,0.011932
1784614294082,1,0.662000,0.042497,0.010761
1784614294117,1,0.662000,0.040305,0.011860
1784614294150,1,0.658000,0.036248,0.011242
1784614294182,1,0.655000,0.032829,0.012278
1784614294217,1,0.651000,0.030473,0.013284
1784614294251,1,0.650000,0.027736,0.012724
1784614294283,1,0.647000,0.024930,0.012128
1784614294316,1,0.645000,0.024853,0.013162
1784614294350,1,0.645000,0.026455,0.014767
1784614294384,1,0.642000,0.028458,0.014699
1784614294417,1,0.638000,0.031977,0.013019
1784614294450,1,0.638000,0.034618,0.014607
1784614294484,1,0.634000,0.039125,0.013989
1784614294518,1,0.631000,0.045731,0.013400
1784614294551,1,0.629000,0.048710,0.013357
1784614294584,1,0.629000,0.054438,0.013879
1784614294619,1,0.629000,0.056000,0.013357
1784614294653,1,0.627000,0.055822,0.012274
1784614294685,1,0.626000,0.054696,0.012254
1784614294721,1,0.625000,0.050987,0.011716
1784614294754,1,0.623000,0.045666,0.009610
1784614294787,1,0.626000,0.039668,0.009657
1784614294821,1,0.625000,0.030291,0.008604
1784614294855,1,0.625000,0.023047,0.008604
1784614294887,1,0.625000,0.017356,0.009123
1784614294921,1,0.623000,0.011111,0.008059
1784614294955,1,0.624000,0.008030,0.009108
1784614294988,1,0.622000,0.007489,0.008563
1784614295023,1,0.621000,0.008505,0.008549
1784614295056,1,0.620000,0.010031,0.009050
1784614295090,1,0.618000,0.013069,0.007995
1784614295122,1,0.617000,0.016623,0.008494
1784614295157,1,0.614000,0.018575,0.007433
1784614295191,1,0.614000,0.018575,0.008452
1784614295223,1,0.610000,0.015929,0.006879
1784614295257,1,0.608000,0.013361,0.007361
1784614295290,1,0.605000,0.007284,0.007324
1784614295324,1,0.603000,0.000272,0.008301
1784614295358,1,0.601000,-0.009182,0.009770
1784614295391,1,0.598000,-0.019038,0.011706
1784614295424,1,0.594000,-0.031204,0.012121
1784614295459,1,0.591000,-0.042788,0.013041
1784614295492,1,0.588000,-0.056687,0.013462
1784614295525,1,0.584000,-0.067421,0.012886
1784614295558,1,0.582000,-0.076345,0.013325
1784614295593,1,0.579000,-0.080265,0.011815
1784614295627,1,0.578000,-0.080127,0.011794
1784614295660,1,0.579000,-0.073075,0.009412
1784614295693,1,0.581000,-0.062265,0.008963
1784614295727,1,0.583000,-0.048483,0.007542
1784614295761,1,0.584000,-0.034546,0.007070
1784614295794,1,0.584000,-0.022460,0.005616
1784614295828,1,0.585000,-0.013296,0.008053
1784614295863,1,0.586000,-0.005557,0.007094
1784614295895,1,0.587000,-0.000707,0.007106
1784614295929,1,0.588000,-0.000709,0.006143
1784614295963,1,0.592000,-0.006104,0.006676
1784614295996,1,0.593000,-0.016424,0.006195
1784614296030,1,0.597000,-0.030867,0.005741
1784614296063,1,0.599000,-0.047334,0.005263
1784614296098,1,0.603000,-0.061129,0.004798
1784614296131,1,0.606000,-0.073975,0.005325
1784614296165,1,0.611000,-0.085207,0.004862
1784614296197,1,0.617000,-0.093195,0.004909
1784614296232,1,0.619000,-0.097596,0.001843
1784614296266,1,0.624000,-0.095285,0.000822
1784614296299,1,0.629000,-0.087197,-0.000737
1784614296333,1,0.635000,-0.072258,-0.001798
1784614296368,1,0.641000,-0.054368,-0.003411
1784614296401,1,0.644000,-0.034897,-0.006100
1784614296434,1,0.649000,-0.019049,-0.008302
1784614296469,1,0.655000,-0.007296,-0.009465
1784614296503,1,0.664000,-0.000250,-0.012351
1784614296535,1,0.672000,-0.002479,-0.014731
1784614296569,1,0.679000,-0.012060,-0.016574
1784614296601,1,0.690000,-0.027107,-0.017988
1784614296634,1,0.699000,-0.047135,-0.021704
1784614296668,1,0.710000,-0.067861,-0.023224
1784614296702,1,0.722000,-0.079767,-0.022418
1784614296735,1,0.731000,-0.089839,-0.023304
1784614296769,1,0.743000,-0.098694,-0.024920
1784614296802,1,0.752000,-0.096777,-0.028342
1784614296836,1,0.765000,-0.092751,-0.028197
1784614296870,1,0.774000,-0.081667,-0.030456
1784614296904,1,0.784000,-0.069093,-0.032801
1784614296937,1,0.794000,-0.052227,-0.035197
1784614296971,1,0.803000,-0.035535,-0.036928
1784614297004,1,0.815000,-0.022572,-0.038833
1784614297039,1,0.823000,-0.012574,-0.039897
1784614297072,1,0.830000,-0.007871,-0.039548
1784614297106,1,0.838000,-0.008641,-0.040624
1784614297139,1,0.845000,-0.012910,-0.040964
1784614297173,1,0.855000,-0.016602,-0.040739
1784614297206,1,0.860000,-0.018835,-0.041691
1784614297240,1,0.864000,-0.020353,-0.041885
1784614297274,1,0.869000,-0.017593,-0.040685
1784614297308,1,0.871000,-0.016192,-0.040778
1784614297341,1,0.873000,-0.014061,-0.041597
1784614297374,1,0.879000,-0.011974,-0.042612
1784614297408,1,0.879000,-0.009064,-0.044071
1784614297441,1,0.884000,-0.006920,-0.045055
1784614297476,1,0.882000,-0.005444,-0.049345
1784614297509,1,0.884000,-0.004724,-0.050191
1784614297542,1,0.885000,-0.006195,-0.051717
1784614297577,1,0.886000,-0.009136,-0.054716
1784614297609,1,0.888000,-0.015773,-0.055577
1784614297643,1,0.887000,-0.023098,-0.056986
1784614297677,1,0.890000,-0.033491,-0.057179
1784614297711,1,0.890000,-0.037175,-0.059395
1784614297744,1,0.890000,-0.042332,-0.061611
1784614297779,1,0.890000,-0.043069,-0.062350
1784614297813,1,0.889000,-0.043021,-0.062280
1784614297845,1,0.888000,-0.042237,-0.061473
1784614297879,1,0.883000,-0.043461,-0.059661
1784614297912,1,0.874000,-0.045912,-0.060503
1784614297945,1,0.872000,-0.047251,-0.060365
1784614297980,1,0.869000,-0.049966,-0.058715
1784614298014,1,0.866000,-0.053378,-0.059231
1784614298045,1,0.865000,-0.054033,-0.057009
1784614298079,1,0.863000,-0.050336,-0.056161
1784614298113,1,0.859000,-0.049391,-0.055188
1784614298148,1,0.852000,-0.048283,-0.055445
1784614298180,1,0.847000,-0.045195,-0.053714
1784614298215,1,0.843000,-0.043586,-0.053460
1784614298247,1,0.838000,-0.042634,-0.056620
1784614298282,1,0.831000,-0.038150,-0.057527
1784614298315,1,0.828000,-0.035956,-0.056632
1784614298349,1,0.821000,-0.034972,-0.056834
1784614298381,1,0.818000,-0.034845,-0.057984
1784614298417,1,0.813000,-0.032612,-0.059654
1784614298451,1,0.806000,-0.032332,-0.060478
1784614298483,1,0.800000,-0.030766,-0.061356
1784614298517,1,0.793000,-0.029841,-0.062794
1784614298552,1,0.788000,-0.030957,-0.063706
1784614298584,1,0.781000,-0.033268,-0.065732
1784614298617,1,0.775000,-0.034296,-0.062655
1784614298651,1,0.769000,-0.039760,-0.060255
1784614298684,1,0.765000,-0.043986,-0.058037
1784614298721,1,0.760000,-0.045586,-0.054504
1784614298751,1,0.755000,-0.045286,-0.050386
1784614298786,1,0.751000,-0.043803,-0.047626
1784614298818,1,0.748000,-0.042390,-0.047435
1784614298852,1,0.745000,-0.038519,-0.046009
1784614298886,1,0.741000,-0.035245,-0.046377
1784614298919,1,0.737000,-0.034445,-0.049185
1784614298954,1,0.734000,-0.032482,-0.049593
1784614298988,1,0.732000,-0.029969,-0.051888
1784614299022,1,0.728000,-0.028600,-0.055230
1784614299057,1,0.724000,-0.027844,-0.054326
1784614299088,1,0.721000,-0.030713,-0.057092
1784614299122,1,0.718000,-0.030585,-0.058047
1784614299157,1,0.715000,-0.032825,-0.057804
1784614299189,1,0.712000,-0.033276,-0.055789
1784614299224,1,0.710000,-0.031420,-0.056221
1784614299256,1,0.706000,-0.032412,-0.054733
1784614299290,1,0.705000,-0.030615,-0.051730
1784614299323,1,0.702000,-0.033390,-0.050927
1784614299357,1,0.701000,-0.032762,-0.050273
1784614299390,1,0.699000,-0.032669,-0.046649
1784614299424,1,0.697000,-0.029690,-0.045937
1784614299458,1,0.694000,-0.031861,-0.045739
1784614299492,1,0.694000,-0.033010,-0.044587
1784614299525,1,0.692000,-0.032342,-0.041587
1784614299559,1,0.691000,-0.030007,-0.036939
1784614299592,1,0.690000,-0.032248,-0.033450
1784614299627,1,0.689000,-0.033913,-0.027111
1784614299661,1,0.688000,-0.030446,-0.019078
1784614299694,1,0.687000,-0.028127,-0.007647
1784614299728,1,0.687000,-0.028127,0.001475
1784614299761,1,0.687000,-0.027558,0.016869
1784614299794,1,0.686000,-0.026382,0.031647
1784614299827,1,0.687000,-0.026421,0.048798
1784614299861,1,0.687000,-0.025852,0.065333
1784614299895,1,0.688000,-0.023611,0.081415
1784614299930,1,0.691000,-0.026575,0.098401
1784614299962,1,0.694000,-0.024966,0.117835
1784614299997,1,0.698000,-0.026266,0.133576
1784614300030,1,0.703000,-0.027036,0.146785
1784614300063,1,0.712000,-0.026203,0.155755
1784614300098,1,0.717000,-0.025794,0.162204
1784614300130,1,0.727000,-0.026755,0.167483
1784614300163,1,0.737000,-0.026513,0.169175
1784614300197,1,0.748000,-0.025671,0.166734
1784614300231,1,0.759000,-0.024163,0.162257
1784614300264,1,0.773000,-0.024609,0.156268
1784614300298,1,0.784000,-0.023661,0.149383
1784614300331,1,0.798000,-0.021441,0.141454
1784614300364,1,0.813000,-0.021844,0.130618
1784614300398,1,0.825000,-0.017386,0.116798
1784614300430,1,0.841000,-0.007976,0.102313
1784614300465,1,0.855000,0.002509,0.084857
1784614300498,1,0.872000,0.007612,0.067005
1784614300533,1,0.883000,0.004784,0.045865
1784614300566,1,0.897000,-0.004051,0.031704
1784614300601,1,0.910000,-0.016917,0.019324
1784614300634,1,0.918000,-0.026185,0.010352
1784614300667,1,0.927000,-0.036418,0.005068
1784614300702,1,0.941000,-0.040863,0.002802
1784614300735,1,0.945000,-0.041037,0.001245
1784614300772,1,0.952000,-0.038976,0.002044
1784614300804,1,0.957000,-0.036804,0.004438
1784614300836,1,0.959000,-0.034500,0.006835
1784614300871,1,0.963000,-0.034643,0.006863
1784614300904,1,0.963000,-0.033049,0.003666
1784614300937,1,0.963000,-0.033846,0.002867
1784614300971,1,0.963000,-0.034643,0.003666
1784614301005,1,0.961000,-0.035367,0.001266
1784614301037,1,0.961000,-0.034572,0.002064
1784614301072,1,0.958000,-0.033671,0.002852
1784614301105,1,0.950000,-0.033389,0.002828
1784614301139,1,0.944000,-0.030053,0.002810
1784614301172,1,0.936000,-0.028248,0.002787
1784614301207,1,0.926000,-0.023347,0.002757
1784614301240,1,0.914000,-0.018504,0.001204
1784614301274,1,0.904000,-0.010070,0.003442
1784614301307,1,0.888000,-0.003275,0.004118
1784614301340,1,0.878000,0.004757,0.004800
1784614301374,1,0.864000,0.013264,0.004723
1784614301408,1,0.850000,0.022197,0.005352
1784614301442,1,0.837000,0.030865,0.004576
1784614301475,1,0.823000,0.037162,0.004499
1784614301508,1,0.807000,0.040448,0.000393
1784614301542,1,0.800000,0.041422,0.000390
1784614301577,1,0.792000,0.039040,-0.001586
1784614301610,1,0.787000,0.034885,-0.001576
1784614301644,1,0.781000,0.026860,-0.002860
1784614301678,1,0.776000,0.017052,-0.002198
1784614301709,1,0.777000,0.008712,-0.001556
1784614301742,1,0.776000,0.003562,-0.001554
1784614301777,1,0.771000,-0.002206,-0.002184
1784614301810,1,0.771000,-0.005397,-0.002824
1784614301845,1,0.772000,-0.002848,-0.001546
1784614301876,1,0.774000,0.002271,-0.001550
1784614301911,1,0.775000,0.009973,-0.001552
1784614301945,1,0.776000,0.017695,-0.001554
1784614301978,1,0.777000,0.025436,-0.000266
1784614302011,1,0.778000,0.031910,-0.000266
1784614302045,1,0.780000,0.036512,0.000380
1784614302078,1,0.783000,0.038597,0.001031
1784614302112,1,0.786000,0.036793,0.001688
1784614302145,1,0.789000,0.031054,0.001039
1784614302179,1,0.791000,0.025895,0.002355
1784614302214,1,0.795000,0.020760,0.002367
1784614302247,1,0.797000,0.017514,0.003034
1784614302281,1,0.800000,0.011619,0.003710
1784614302314,1,0.803000,0.005015,0.005056
1784614302347,1,0.804000,0.004356,0.004395
1784614302381,1,0.811000,0.006408,0.005107
1784614302415,1,0.812000,0.010449,0.003765
1784614302448,1,0.815000,0.021283,0.003779
1784614302482,1,0.817000,0.030127,0.003110
1784614302515,1,0.823000,0.037162,0.003133
1784614302549,1,0.826000,0.040716,0.002459
1784614302582,1,0.832000,0.044456,0.003168
1784614302617,1,0.836000,0.046746,0.003877
1784614302649,1,0.838000,0.046164,0.003190
1784614302683,1,0.844000,0.043001,0.003914
1784614302716,1,0.845000,0.033259,0.003918
1784614302751,1,0.850000,0.020086,0.004647
1784614302784,1,0.852000,0.005321,0.003951
1784614302817,1,0.855000,-0.009524,0.004674
1784614302850,1,0.854000,-0.025066,0.004669
1784614302884,1,0.858000,-0.036548,0.003267
1784614302919,1,0.861000,-0.043091,0.001134
1784614302951,1,0.862000,-0.043141,-0.001726
1784614302984,1,0.866000,-0.040474,-0.003171
1784614303018,1,0.871000,-0.036381,-0.003190
1784614303051,1,0.873000,-0.032128,-0.003197
1784614303085,1,0.872000,-0.023429,-0.004641
1784614303119,1,0.866000,-0.012514,-0.005328
1784614303153,1,0.865000,-0.003191,-0.006039
1784614303186,1,0.857000,0.009609,-0.007406
1784614303219,1,0.848000,0.020038,-0.009439
1784614303253,1,0.841000,0.028924,-0.008664
1784614303287,1,0.830000,0.034042,-0.008550
1784614303321,1,0.821000,0.041150,-0.007776
1784614303354,1,0.816000,0.047654,-0.006374
1784614303388,1,0.805000,0.053676,-0.006288
1784614303422,1,0.801000,0.055399,-0.004263
1784614303455,1,0.791000,0.054052,-0.003553
1784614303489,1,0.785000,0.052342,-0.002223
1784614303523,1,0.780000,0.048780,-0.001562
1784614303556,1,0.774000,0.043279,-0.002835
1784614303589,1,0.771000,0.036729,-0.002824
1784614303623,1,0.762000,0.030623,-0.005953
1784614303656,1,0.758000,0.027324,-0.006550
1784614303690,1,0.755000,0.022216,-0.009031
1784614303724,1,0.750000,0.021448,-0.010838
1784614303757,1,0.750000,0.023311,-0.011461
1784614303792,1,0.750000,0.026415,-0.010838
1784614303824,1,0.752000,0.030843,-0.011491
1784614303858,1,0.754000,0.035295,-0.009645
1784614303892,1,0.756000,0.036640,-0.008415
1784614303925,1,0.757000,0.037315,-0.007798
1784614303959,1,0.757000,0.036062,-0.007798
1784614303992,1,0.762000,0.035038,-0.004055
1784614304026,1,0.762000,0.032515,-0.004055
1784614304059,1,0.761000,0.031842,-0.003418
1784614304093,1,0.759000,0.029245,-0.004669
1784614304127,1,0.757000,0.027915,-0.002144
1784614304161,1,0.757000,0.026662,-0.003401
1784614304194,1,0.755000,0.027216,-0.002765
1784614304228,1,0.753000,0.028391,-0.004007
1784614304261,1,0.752000,0.032711,-0.003378
1784614304294,1,0.751000,0.040128,-0.003374
1784614304329,1,0.751000,0.041993,-0.002750
1784614304362,1,0.753000,0.049585,0.000992
1784614304396,1,0.751000,0.050697,0.003482
1784614304429,1,0.753000,0.048339,0.007241
1784614304463,1,0.754000,0.045282,0.010380
1784614304496,1,0.756000,0.039769,0.013544
1784614304529,1,0.757000,0.027288,0.014819
1784614304563,1,0.756000,0.013484,0.014799
1784614304596,1,0.753000,0.000963,0.015990
1784614304630,1,0.749000,-0.009583,0.014041
1784614304664,1,0.744000,-0.015679,0.012712
1784614304698,1,0.735000,-0.019748,0.008288
1784614304732,1,0.728000,-0.017752,0.005188
1784614304765,1,0.719000,-0.015152,0.002737
1784614304799,1,0.708000,-0.010817,-0.002593
1784614304832,1,0.694000,-0.006582,-0.010029
1784614304866,1,0.679000,0.000306,-0.017702
1784614304899,1,0.665000,0.005805,-0.026167
1784614304932,1,0.649000,0.011575,-0.035771
1784614304966,1,0.632000,0.013365,-0.046373
1784614304999,1,0.618000,0.016138,-0.055604
1784614305033,1,0.605000,0.012293,-0.064978
1784614305066,1,0.591000,0.009073,-0.075246
1784614305100,1,0.579000,0.007451,-0.082848
1784614305134,1,0.566000,0.008689,-0.088974
1784614305167,1,0.559000,0.011821,-0.088337
1784614305202,1,0.547000,0.010209,-0.087803
1784614305236,1,0.537000,0.007799,-0.084861
1784614305269,1,0.529000,0.005056,-0.078328
1784614305302,1,0.520000,0.004109,-0.073543
1784614305337,1,0.513000,0.005752,-0.069147
1784614305369,1,0.506000,0.004836,-0.065684
1784614305403,1,0.498000,0.001461,-0.060512
1784614305437,1,0.493000,0.002671,-0.056222
1784614305471,1,0.487000,-0.001393,-0.053113
1784614305505,1,0.482000,-0.005768,-0.052168
1784614305538,1,0.477000,-0.006893,-0.050439
1784614305571,1,0.474000,-0.006065,-0.049335
1784614305605,1,0.471000,-0.004077,-0.049414
1784614305638,1,0.466000,-0.004034,-0.048889
1784614305672,1,0.465000,-0.000945,-0.050328
1784614305705,1,0.460000,-0.002458,-0.051314
1784614305738,1,0.457000,-0.001307,-0.054393
1784614305771,1,0.453000,-0.005046,-0.059180
1784614305805,1,0.451000,-0.004650,-0.062287
1784614305838,1,0.446000,-0.008291,-0.069740
1784614306412,1,0.419000,-0.017848,-0.049870
1784614306444,1,0.417000,-0.022251,-0.036827
1784614306477,1,0.419000,-0.022358,-0.025181
1784614306511,1,0.422000,-0.019373,-0.010301
1784614306546,1,0.426000,-0.016030,0.004450
1784614306580,1,0.428000,-0.015043,0.019035
1784614306615,1,0.431000,-0.010867,0.030614
1784614306647,1,0.434000,-0.005912,0.044514
1784614306682,1,0.438000,-0.000890,0.057284
1784614306715,1,0.440000,0.001655,0.067405
1784614306749,1,0.445000,0.007568,0.078512
1784614306782,1,0.448000,0.010215,0.086105
1784614306817,1,0.453000,0.009954,0.095713
1784614306849,1,0.457000,0.007772,0.098834
1784614306882,1,0.466000,0.006382,0.106968
1784614306915,1,0.471000,0.001382,0.106943
1784614306949,1,0.479000,0.000612,0.108760
1784614306983,1,0.487000,0.002235,0.107343
1784614307016,1,0.497000,0.002281,0.107897
1784614307049,1,0.506000,0.005255,0.105232
1784614307083,1,0.516000,0.004931,0.100888
1784614307118,1,0.526000,0.006769,0.095858
1784614307150,1,0.537000,0.006910,0.089841
1784614307184,1,0.548000,0.006598,0.083040
1784614307217,1,0.558000,0.007642,0.074367
1784614307251,1,0.569000,0.013446,0.068278
1784614307285,1,0.582000,0.018089,0.060660
1784614307320,1,0.595000,0.020956,0.052633
1784614307353,1,0.609000,0.016407,0.043763
1784614307386,1,0.625000,0.010630,0.036614
1784614307419,1,0.640000,0.006646,0.033243
1784614307454,1,0.657000,0.000840,0.029219
1784614307486,1,0.675000,-0.000813,0.026098
1784614307521,1,0.692000,-0.003125,0.021012
1784614307554,1,0.711000,-0.001445,0.019819
1784614307588,1,0.728000,0.002136,0.014251
1784614307621,1,0.744000,0.002183,0.010859
1784614307655,1,0.758000,0.002224,0.006031
1784614307689,1,0.776000,0.002919,0.001666
1784614307722,1,0.797000,0.006297,-0.001596
1784614307755,1,0.808000,0.009729,-0.007653
1784614307789,1,0.827000,0.010642,-0.007147
1784614307822,1,0.834000,0.008661,-0.009284
1784614307856,1,0.848000,0.008806,-0.010847
1784614307889,1,0.860000,0.006795,-0.014569
1784614307923,1,0.869000,0.006866,-0.016164
1784614307956,1,0.876000,0.004021,-0.014840
1784614307990,1,0.877000,0.003299,-0.017041
1784614308023,1,0.881000,0.001856,-0.017118
1784614308057,1,0.884000,0.001862,-0.017177
1784614308090,1,0.885000,-0.000334,-0.016462
1784614308124,1,0.878000,-0.001058,-0.018517
1784614308158,1,0.876000,-0.001056,-0.018475
1784614308191,1,0.874000,-0.001053,-0.016982
1784614308225,1,0.866000,-0.001044,-0.015390
1784614308258,1,0.857000,-0.001033,-0.015230
1784614308292,1,0.848000,-0.001724,-0.012958
1784614308327,1,0.835000,-0.001697,-0.011374
1784614308359,1,0.826000,0.000372,-0.007824
1784614308394,1,0.809000,0.001704,-0.006320
1784614308427,1,0.790000,0.002972,-0.006171
1784614308461,1,0.770000,0.004172,-0.006015
1784614308495,1,0.751000,0.005934,-0.003997
1784614308529,1,0.729000,0.007570,-0.005695
1784614308561,1,0.707000,0.008513,-0.006696
1784614308595,1,0.688000,0.009992,-0.007087
1784614308629,1,0.667000,0.011344,-0.008532
1784614308663,1,0.651000,0.011072,-0.008327
1784614308696,1,0.633000,0.010766,-0.009148
1784614308731,1,0.618000,0.011022,-0.010469
1784614308763,1,0.605000,0.009789,-0.010249
1784614308797,1,0.589000,0.009530,-0.011933
1784614308830,1,0.575000,0.009779,-0.011173
1784614308865,1,0.562000,0.008162,-0.010454
1784614308899,1,0.551000,0.007547,-0.007963
1784614308932,1,0.541000,0.006962,-0.005573
1784614308965,1,0.530000,0.005065,-0.003700
1784614308999,1,0.519000,0.003241,-0.001901
1784614309032,1,0.509000,0.001493,0.000671
1784614309067,1,0.501000,0.000641,0.003986
1784614309099,1,0.490000,-0.002213,0.005119
1784614309132,1,0.481000,-0.003765,0.008218
1784614309166,1,0.473000,-0.008010,0.010044
1784614309199,1,0.467000,-0.009068,0.013405
1784614309233,1,0.462000,-0.011266,0.016329
1784614309267,1,0.457000,-0.014170,0.019186
1784614309301,1,0.452000,-0.015886,0.019352
1784614309335,1,0.449000,-0.018383,0.022577
1784614309368,1,0.447000,-0.020151,0.024331
1784614309401,1,0.441000,-0.023166,0.024371
1784614309434,1,0.439000,-0.025242,0.027175
1784614309465,1,0.429000,-0.028573,0.020503
1784614320688,1,0.450000,-0.164455,0.003954
1784614320723,1,0.454000,-0.155394,0.002482
1784614320756,1,0.456000,-0.148151,-0.000156
1784614320791,1,0.459000,-0.138486,-0.001681
1784614320824,1,0.463000,-0.124361,-0.002464
1784614320857,1,0.466000,-0.106264,-0.003640
1784614320891,1,0.472000,-0.077936,-0.004471
1784614320925,1,0.476000,-0.048648,-0.006879
1784614320959,1,0.483000,-0.016176,-0.008984
1784614320993,1,0.485000,0.013870,-0.010229
1784614321027,1,0.487000,0.045373,-0.011888
1784614321061,1,0.488000,0.072130,-0.012722
1784614321095,1,0.490000,0.093113,-0.013181
1784614321127,1,0.493000,0.105111,-0.014898
1784614321162,1,0.499000,0.105977,-0.017978
1784614321196,1,0.510000,0.098180,-0.019221
1784614321228,1,0.520000,0.084178,-0.021756
1784614321262,1,0.530000,0.063859,-0.024814
1784614321296,1,0.538000,0.041217,-0.026528
1784614321328,1,0.545000,0.017390,-0.025968
1784614321361,1,0.551000,-0.003857,-0.025797
1784614321395,1,0.554000,-0.020847,-0.026397
1784614321429,1,0.559000,-0.033993,-0.026635
1784614321462,1,0.562000,-0.042084,-0.027245
1784614321497,1,0.568000,-0.044885,-0.026121
1784614321529,1,0.572000,-0.041886,-0.028679
1784614321562,1,0.575000,-0.034014,-0.030261
1784614321596,1,0.583000,-0.021456,-0.030198
1784614321630,1,0.586000,-0.008468,-0.030840
1784614321663,1,0.590000,0.006127,-0.033009
1784614321697,1,0.598000,0.018586,-0.032960
1784614321731,1,0.603000,0.029724,-0.034237
1784614321765,1,0.608000,0.036010,-0.037548
1784614321798,1,0.614000,0.036366,-0.038938
1784614321831,1,0.620000,0.033642,-0.040347
1784614321865,1,0.628000,0.029917,-0.039826
1784614321899,1,0.634000,0.023904,-0.040206
1784614321932,1,0.642000,0.016765,-0.041779
1784614321966,1,0.649000,0.009963,-0.042773
1784614321999,1,0.657000,0.002472,-0.044391
1784614322033,1,0.662000,-0.003538,-0.045278
1784614322067,1,0.669000,-0.005791,-0.046867
1784614322100,1,0.678000,-0.004185,-0.045810
1784614322134,1,0.682000,0.000307,-0.047212
1784614322167,1,0.688000,0.005436,-0.047056
1784614322201,1,0.694000,0.012378,-0.046315
1784614322235,1,0.697000,0.017047,-0.043044
1784614322269,1,0.697000,0.023394,-0.042466
1784614322302,1,0.698000,0.030362,-0.040210
1784614322335,1,0.696000,0.036613,-0.038362
1784614322369,1,0.692000,0.043850,-0.034121
1784614322403,1,0.686000,0.050284,-0.031548
1784614322437,1,0.678000,0.053066,-0.031180
1784614322470,1,0.673000,0.055460,-0.030391
1784614322504,1,0.670000,0.052994,-0.030256
1784614322537,1,0.668000,0.050071,-0.029611
1784614322571,1,0.665000,0.047644,-0.031686
1784614322605,1,0.665000,0.044891,-0.032238
1784614322638,1,0.665000,0.038285,-0.032238
1784614322672,1,0.659000,0.030848,-0.032494
1784614322705,1,0.659000,0.025938,-0.033041
1784614322739,1,0.657000,0.019876,-0.034576
1784614322772,1,0.657000,0.014437,-0.034576
1784614322806,1,0.658000,0.013915,-0.036267
1784614322840,1,0.658000,0.014459,-0.036813
1784614322873,1,0.658000,0.017728,-0.036813
1784614322907,1,0.660000,0.023245,-0.038021
1784614322941,1,0.662000,0.027152,-0.038685
1784614322974,1,0.664000,0.033830,-0.038802
1784614323008,1,0.667000,0.037296,-0.038977
1784614323041,1,0.669000,0.039623,-0.039094
1784614323075,1,0.671000,0.036409,-0.040325
1784614323108,1,0.674000,0.032108,-0.040505
1784614323141,1,0.677000,0.022723,-0.037876
1784614323175,1,0.681000,0.014401,-0.036404
1784614323209,1,0.681000,0.006508,-0.035274
1784614323243,1,0.681000,0.000307,-0.033579
1784614323276,1,0.682000,-0.007032,-0.031930
1784614323311,1,0.678000,-0.012604,-0.031743
1784614323343,1,0.674000,-0.015319,-0.030996
1784614323377,1,0.670000,-0.020220,-0.031368
1784614323411,1,0.667000,-0.022339,-0.031228
1784614323445,1,0.659000,-0.023707,-0.032494
1784614323478,1,0.652000,-0.025614,-0.035395
1784614323512,1,0.646000,-0.023240,-0.036142
1784614323545,1,0.638000,-0.021367,-0.039401
1784614323579,1,0.627000,-0.017365,-0.043405
1784614323613,1,0.619000,-0.014582,-0.046447
1784614323646,1,0.608000,-0.010799,-0.051172
1784614323680,1,0.598000,-0.005671,-0.056286
1784614323713,1,0.589000,-0.001197,-0.060816
1784614323746,1,0.581000,0.002186,-0.062401
1784614323780,1,0.573000,0.003579,-0.062017
1784614323814,1,0.565000,0.004932,-0.060682
1784614323847,1,0.557000,0.005323,-0.060285
1784614323881,1,0.551000,0.003441,-0.058721
1784614323914,1,0.544000,0.000245,-0.055718
1784614323948,1,0.538000,-0.001539,-0.052424
1784614323983,1,0.533000,-0.003731,-0.047071
1784614324015,1,0.527000,-0.004125,-0.043480
1784614324049,1,0.521000,-0.005804,-0.040391
1784614324082,1,0.515000,-0.008721,-0.037788
1784614324117,1,0.510000,-0.008214,-0.038691
1784614324150,1,0.504000,-0.010204,-0.040327
1784614324183,1,0.499000,-0.010929,-0.041584
1784614324217,1,0.495000,-0.014939,-0.042894
1784614324250,1,0.489000,-0.013543,-0.044403
1784614324285,1,0.485000,-0.013834,-0.043637
1784614324318,1,0.480000,-0.014884,-0.044383
1784614324351,1,0.475000,-0.016695,-0.044314
1784614324385,1,0.470000,-0.015352,-0.043458
1784614324419,1,0.466000,-0.012521,-0.041154
1784614324453,1,0.462000,-0.010883,-0.040801
1784614324486,1,0.457000,-0.010387,-0.038463
1784614324520,1,0.453000,-0.009171,-0.035495
1784614324553,1,0.450000,-0.003895,-0.034513
1784614324587,1,0.445000,-0.003852,-0.035607
1784614324620,1,0.441000,-0.002357,-0.033091
1784614324653,1,0.437000,-0.001612,-0.033516
1784614324687,1,0.435000,0.000556,-0.033362
1784614324721,1,0.433000,0.002346,-0.031412
1784614324755,1,0.430000,0.000194,-0.034050
1784614324790,1,0.428000,0.005862,-0.036733
1784614324822,1,0.427000,0.002313,-0.038773
1784614324889,1,0.426000,0.001250,-0.040450
1784614325560,1,0.448000,-0.013520,-0.007590
1784614325594,1,0.448000,-0.014633,0.001706
1784614325628,1,0.456000,-0.003569,0.015360
1784614325662,1,0.452000,-0.012893,0.025354
1784614325697,1,0.453000,-0.014796,0.038568
1784614325730,1,0.455000,-0.011848,0.050067
1784614325764,1,0.456000,-0.008477,0.059638
1784614325797,1,0.457000,-0.008117,0.067733
1784614325831,1,0.459000,-0.003213,0.076029
1784614325865,1,0.462000,0.000208,0.083811
1784614325901,1,0.465000,0.002519,0.090530
1784614325933,1,0.469000,0.003706,0.093255
1784614325965,1,0.474000,0.005315,0.098970
1784614325998,1,0.479000,0.004974,0.102002
1784614326031,1,0.485000,0.006241,0.103682
1784614326065,1,0.492000,0.006331,0.101912
1784614326098,1,0.500000,0.006434,0.101079
1784614326131,1,0.509000,0.007393,0.099519
1784614326167,1,0.516000,0.007922,0.095321
1784614326199,1,0.527000,0.006782,0.092542
1784614326233,1,0.538000,0.008705,0.089115
1784614326266,1,0.550000,0.009354,0.084256
1784614326300,1,0.564000,0.014728,0.081252
1784614326334,1,0.577000,0.021755,0.076421
1784614326367,1,0.588000,0.024604,0.067630
1784614326402,1,0.602000,0.024691,0.057749
1784614326435,1,0.617000,0.020709,0.048434
1784614326469,1,0.630000,0.013844,0.038998
1784614326502,1,0.642000,0.005073,0.031749
1784614326536,1,0.652000,0.000294,0.024127
1784614326569,1,0.662000,-0.006278,0.017904
1784614326602,1,0.670000,-0.008018,0.013116
1784614326637,1,0.677000,-0.010344,0.007634
1784614326671,1,0.681000,-0.009277,0.005419
1784614326704,1,0.682000,-0.011549,0.005426
1784614326737,1,0.683000,-0.010435,0.006568
1784614326772,1,0.681000,-0.009841,0.007114
1784614326805,1,0.679000,-0.010936,0.005966
1784614326838,1,0.676000,-0.014246,0.004818
1784614326873,1,0.673000,-0.016968,0.005355
1784614326906,1,0.667000,-0.020682,0.003646
1784614326939,1,0.661000,-0.025421,0.003065
1784614326973,1,0.654000,-0.031649,0.001947
1784614327007,1,0.647000,-0.036130,0.002463
1784614327040,1,0.642000,-0.042229,0.002444
1784614327074,1,0.635000,-0.043871,0.001364
1784614327107,1,0.631000,-0.047774,0.001355
1784614327142,1,0.625000,-0.046285,-0.000733
1784614327176,1,0.623000,-0.043558,-0.000213
1784614327208,1,0.619000,-0.039691,-0.001753
1784614327241,1,0.617000,-0.034455,-0.002772
1784614327276,1,0.615000,-0.026706,-0.003273
1784614327309,1,0.615000,-0.023143,-0.002763
1784614327343,1,0.614000,-0.017514,-0.003268
1784614327376,1,0.614000,-0.012431,-0.003268
1784614327409,1,0.615000,-0.009396,-0.001231
1784614327443,1,0.614000,-0.006331,-0.001229
1784614327476,1,0.615000,-0.005832,0.000300
1784614327511,1,0.614000,-0.007856,-0.000720
1784614327544,1,0.615000,-0.011942,0.001321
1784614327577,1,0.617000,-0.013513,0.002861
1784614327611,1,0.615000,-0.019070,0.002341
1784614327645,1,0.618000,-0.020697,0.003891
1784614327678,1,0.618000,-0.024279,0.004404
1784614327712,1,0.615000,-0.030270,0.003362
1784614327745,1,0.617000,-0.034455,0.004397
1784614327779,1,0.615000,-0.042489,0.004383
1784614327813,1,0.614000,-0.049536,0.002338
1784614327846,1,0.613000,-0.059605,0.002334
1784614327881,1,0.612000,-0.066094,0.000806
1784614327913,1,0.609000,-0.074341,0.000297
1784614327947,1,0.609000,-0.078374,0.000297
1784614327982,1,0.608000,-0.079252,-0.000713
1784614328014,1,0.607000,-0.076107,-0.002727
1784614328047,1,0.606000,-0.068456,-0.004231
1784614328082,1,0.606000,-0.058423,-0.005237
1784614328116,1,0.605000,-0.046306,-0.006232
1784614328151,1,0.602000,-0.033617,-0.007700
1784614328183,1,0.602000,-0.020162,-0.008200
1784614328218,1,0.600000,-0.008670,-0.009667
1784614328251,1,0.599000,-0.003697,-0.009650
1784614328283,1,0.599000,-0.002209,-0.009153
1784614328318,1,0.597000,-0.006650,-0.009618
1784614328350,1,0.598000,-0.015077,-0.008145
1784614328386,1,0.596000,-0.023414,-0.007624
1784614328418,1,0.595000,-0.033226,-0.006623
1784614328452,1,0.595000,-0.040122,-0.004648
1784614328486,1,0.593000,-0.042933,-0.003648
1784614328519,1,0.593000,-0.041460,-0.002172
1784614328552,1,0.590000,-0.037832,-0.001671
1784614328587,1,0.589000,-0.033379,-0.000202
1784614328620,1,0.585000,-0.027341,0.000771
1784614328654,1,0.583000,-0.019043,0.003187
1784614328687,1,0.579000,-0.008367,0.005087
1784614328721,1,0.578000,0.004567,0.006518
1784614328754,1,0.570000,0.015357,0.006901
1784614328788,1,0.567000,0.028888,0.008276
1784614328821,1,0.561000,0.038800,0.010051
1784614328855,1,0.553000,0.047402,0.010825
1784614328889,1,0.545000,0.054838,0.010669
1784614328923,1,0.538000,0.059478,0.011425
1784614328957,1,0.532000,0.061898,0.012622
1784614328992,1,0.527000,0.061316,0.012503
1784614329024,1,0.523000,0.059552,0.011974
1784614329057,1,0.522000,0.055548,0.012385
1784614329091,1,0.522000,0.049499,0.011518
1784614329124,1,0.520000,0.046726,0.009748
1784614329157,1,0.522000,0.041288,0.008486
1784614329191,1,0.524000,0.035807,0.008083
1784614329223,1,0.525000,0.030225,0.006792
1784614329258,1,0.529000,0.023011,0.006404
1784614329291,1,0.533000,0.017007,0.006453
1784614329324,1,0.535000,0.011756,0.005589
1784614329358,1,0.540000,0.006949,0.005193
1784614329392,1,0.545000,0.007464,0.006598
1784614329425,1,0.548000,0.008866,0.006179
1784614329460,1,0.551000,0.012564,0.006213
1784614329492,1,0.556000,0.018202,0.008115
1784614329526,1,0.558000,0.024734,0.009071
1784614329560,1,0.558000,0.031663,0.010460
1784614329593,1,0.561000,0.037871,0.011913
1784614329627,1,0.560000,0.044294,0.013751
1784614329661,1,0.556000,0.048120,0.012268
1784614329695,1,0.557000,0.050512,0.013677
1784614329728,1,0.556000,0.050421,0.013653
1784614329761,1,0.557000,0.049590,0.014602
1784614329794,1,0.553000,0.047402,0.012661
1784614329828,1,0.555000,0.040223,0.012707
1784614329862,1,0.555000,0.034250,0.012246
1784614329896,1,0.556000,0.027867,0.011345
1784614329928,1,0.557000,0.018234,0.009979
1784614329963,1,0.557000,0.014545,0.009055
1784614329996,1,0.558000,0.009952,0.007218
1784614330029,1,0.560000,0.009061,0.006315
1784614330063,1,0.562000,0.011884,0.004472
1784614330098,1,0.564000,0.019864,0.002147
1784614330131,1,0.568000,0.029880,0.000748
1784614330165,1,0.570000,0.040838,-0.000668
1784614330198,1,0.570000,0.049803,-0.003980
1784614330232,1,0.572000,0.058975,-0.005418
1784614330265,1,0.578000,0.065814,-0.005954
1784614330298,1,0.580000,0.068923,-0.008863
1784614330332,1,0.585000,0.068064,-0.011367
1784614330365,1,0.590000,0.063762,-0.015381
1784614330399,1,0.599000,0.056304,-0.016113
1784614330432,1,0.607000,0.045499,-0.016832
1784614330465,1,0.614000,0.029250,-0.018555
1784614330499,1,0.617000,0.012537,-0.020182
1784614330533,1,0.620000,-0.003313,-0.020794
1784614330567,1,0.622000,-0.019287,-0.020345
1784614330600,1,0.622000,-0.028555,-0.019313
1784614330634,1,0.621000,-0.030566,-0.018251
1784614330667,1,0.623000,-0.029633,-0.018310
1784614330701,1,0.623000,-0.024475,-0.019344
1784614330735,1,0.618000,-0.018139,-0.020214
1784614330769,1,0.614000,-0.011922,-0.020084
1784614330803,1,0.610000,-0.005280,-0.022484
1784614330836,1,0.606000,0.000273,-0.025857
1784614330869,1,0.600000,0.005237,-0.028589
1784614330903,1,0.596000,0.005696,-0.031861
1784614330936,1,0.591000,0.005159,-0.034046
1784614330970,1,0.584000,0.000263,-0.038489
1784614331003,1,0.577000,-0.003561,-0.042817
1784614331037,1,0.572000,-0.006372,-0.046243
1784614331071,1,0.565000,-0.008165,-0.051304
1784614331104,1,0.556000,-0.009876,-0.056947
1784614331139,1,0.550000,-0.009314,-0.060441
1784614331172,1,0.541000,-0.013640,-0.063941
1784614331206,1,0.532000,-0.013413,-0.067293
1784614331239,1,0.525000,-0.015410,-0.067715
1784614331272,1,0.517000,-0.014747,-0.070544
1784614331306,1,0.508000,-0.016172,-0.069316
1784614331340,1,0.500000,-0.016746,-0.067395
1784614331373,1,0.491000,-0.015631,-0.063737
1784614331406,1,0.482000,-0.015345,-0.060968
1784614331440,1,0.475000,-0.013942,-0.054170
1784614331474,1,0.468000,-0.011799,-0.049876
1784614331508,1,0.461000,-0.010478,-0.050278
1784614331542,1,0.454000,-0.003178,-0.051398
1784614331577,1,0.448000,-0.000169,-0.048488
1784614331609,1,0.443000,0.000566,-0.047947
1784614331643,1,0.438000,0.003098,-0.047042
1784614331676,1,0.434000,0.003070,-0.046613
1784614331709,1,0.431000,0.000908,-0.045575
1784614331743,1,0.427000,-0.001929,-0.046569
1784614331776,1,0.425000,-0.004734,-0.047057
1784614331810,1,0.422000,-0.009592,-0.049526
1784614331843,1,0.420000,-0.013371,-0.052429
1784614331877,1,0.419000,-0.014726,-0.054390
1784614331910,1,0.418000,-0.020228,-0.055648
1784614332649,1,0.407000,-0.016663,-0.015339
1784614332684,1,0.408000,-0.015015,-0.000817
1784614332718,1,0.410000,-0.012034,0.013811
1784614332751,1,0.413000,-0.006994,0.030707
1784614332786,1,0.416000,-0.003601,0.041978
1784614332820,1,0.418000,0.002611,0.056750
1784614332853,1,0.423000,0.009645,0.069364
1784614332887,1,0.425000,0.016376,0.079216
1784614332920,1,0.428000,0.018263,0.085103
1784614333121,1,0.657000,0.050878,-0.062384
1784614333189,1,0.725000,0.154575,-0.245739
1784614333221,1,0.720000,0.146952,-0.242251
1784614333257,1,0.723000,0.144572,-0.241461
1784614334028,1,0.681000,-0.041412,-0.057316
1784614334131,1,0.467000,-0.059326,0.102547
1784614334164,1,0.461000,-0.060854,0.093577
1784614334197,1,0.454000,-0.064064,0.085751
1784614334230,1,0.445000,-0.069057,0.076296
1784614334264,1,0.438000,-0.069421,0.070006
1784614334298,1,0.433000,-0.066836,0.060942
1784614334331,1,0.427000,-0.058133,0.050175
1784614334363,1,0.422000,-0.038937,0.042233
1784614334397,1,0.418000,-0.014691,0.033160
1784614334431,1,0.417000,0.013996,0.022352
1784614334464,1,0.411000,0.035571,0.012480
1784614334497,1,0.405000,0.052150,0.008600
1784614334531,1,0.398000,0.068053,0.003497
1784614334565,1,0.392000,0.079683,0.003119
1784614334599,1,0.388000,0.083045,0.000189
1784614334633,1,0.391000,0.073653,0.001813
1784614334665,1,0.392000,0.058265,0.000516
1784614334699,1,0.393000,0.036290,-0.000787
1784614334732,1,0.395000,0.010642,0.002159
1784614334766,1,0.393000,-0.014463,-0.000787
1784614334800,1,0.392000,-0.040063,0.002143
1784614334834,1,0.389000,-0.059079,0.000835
1784614334868,1,0.388000,-0.076272,0.004697
1784614334903,1,0.388000,-0.088156,0.007595
1784614334934,1,0.386000,-0.087063,0.006275
1784614334970,1,0.387000,-0.074473,0.006291
1784614335002,1,0.389000,-0.055536,0.005678
1784614335035,1,0.391000,-0.024424,0.004734
1784614335068,1,0.390000,-0.000470,0.004074
1784614335103,1,0.388000,0.022338,0.001155
1784614335136,1,0.386000,0.042035,0.001149
1784614335171,1,0.383000,0.062317,0.002730
1784614335203,1,0.379000,0.073903,0.002387
1784614335239,1,0.377000,0.081003,0.001122
1784614335271,1,0.378000,0.079966,0.004262
1784614335305,1,0.382000,0.070693,0.004308
1784614335338,1,0.388000,0.052852,0.004697
1784614335371,1,0.391000,0.031250,0.004734
1784614335405,1,0.392000,0.006991,0.005722
1784614335440,1,0.393000,-0.018367,0.006389
1784614335473,1,0.393000,-0.041141,0.007041
1784614335506,1,0.393000,-0.062289,0.008672
1784614335540,1,0.392000,-0.076084,0.009626
1784614335576,1,0.392000,-0.081277,0.010276
1784614335607,1,0.392000,-0.077058,0.010602
1784614335641,1,0.393000,-0.066844,0.010629
1784614335674,1,0.395000,-0.044294,0.011338
1784614335707,1,0.396000,-0.021458,0.012024
1784614335742,1,0.396000,0.007391,0.010710
1784614335775,1,0.396000,0.032961,0.009395
1784614335810,1,0.394000,0.052691,0.009021
1784614335843,1,0.390000,0.069590,0.008282
1784614335875,1,0.389000,0.079073,0.010198
1784614335911,1,0.388000,0.085294,0.010171
1784614335943,1,0.389000,0.081005,0.010198
1784614335976,1,0.396000,0.067055,0.009395
1784614336010,1,0.401000,0.047320,0.009514
1784614336042,1,0.404000,0.022925,0.008244
1784614336077,1,0.406000,-0.002170,0.006600
1784614336110,1,0.407000,-0.030477,0.006616
1784614336146,1,0.409000,-0.057376,0.006988
1784614336179,1,0.407000,-0.074279,0.007292
1784614336213,1,0.407000,-0.088767,0.005603
1784614336247,1,0.407000,-0.092473,0.006616
1784614336279,1,0.409000,-0.082431,0.005630
1784614336312,1,0.410000,-0.065662,0.000200
1784614336346,1,0.413000,-0.039132,0.000544
1784614336378,1,0.415000,-0.011494,-0.001864
1784614336412,1,0.416000,0.020506,-0.005666
1784614336447,1,0.414000,0.040971,-0.007701
1784614336492,1,0.410000,0.060601,-0.007286
1784614336514,1,0.406000,0.075470,-0.006541
1784614336549,1,0.403000,0.086256,-0.005155
1784614336582,1,0.401000,0.086824,-0.004797
1784614336614,1,0.405000,0.077967,-0.003164
1784614336647,1,0.410000,0.059583,-0.001501
1784614336681,1,0.413000,0.034718,-0.002198
1784614336716,1,0.414000,0.004299,-0.003234
1784614336748,1,0.413000,-0.023063,-0.003226
1784614336783,1,0.413000,-0.050757,-0.004255
1784614336815,1,0.409000,-0.070242,-0.004553
1784614336850,1,0.407000,-0.087419,-0.004530
1784614336885,1,0.406000,-0.092918,-0.003509
1784614336917,1,0.406000,-0.085524,-0.004856
1784614336950,1,0.407000,-0.071246,-0.003855
1784614336984,1,0.408000,-0.044738,-0.004203
1784614337019,1,0.409000,-0.014375,-0.004213
1784614337051,1,0.409000,0.015082,-0.005911
1784614337083,1,0.407000,0.039605,-0.007570
1784614337118,1,0.403000,0.057898,-0.006158
1784614337153,1,0.399000,0.075821,-0.004773
1784614337188,1,0.397000,0.084972,-0.003760
1784614337220,1,0.396000,0.087380,-0.004408
1784614337252,1,0.399000,0.082097,-0.002455
1784614337286,1,0.405000,0.065897,-0.002492
1784614337320,1,0.411000,0.041014,-0.002528
1784614337353,1,0.415000,0.012555,-0.001864
1784614337388,1,0.414000,-0.013180,-0.003578
1784614337421,1,0.413000,-0.038790,-0.003226
1784614337454,1,0.410000,-0.059892,-0.004224
1784614337489,1,0.409000,-0.077691,-0.003195
1784614337524,1,0.407000,-0.089104,-0.003517
1784614337558,1,0.407000,-0.086745,-0.003179
1784614337590,1,0.408000,-0.075475,-0.003187
1784614337624,1,0.409000,-0.055344,-0.002516
1784614337656,1,0.410000,-0.030363,-0.001842
1784614337689,1,0.411000,0.000525,-0.002870
1784614337722,1,0.409000,0.025240,-0.005232
1784614337757,1,0.406000,0.046229,-0.006204
1784614337791,1,0.401000,0.066574,-0.007126
1784614337826,1,0.398000,0.076619,-0.005752
1784614337859,1,0.395000,0.084217,-0.006036
1784614337893,1,0.394000,0.084330,-0.007002
1784614337925,1,0.399000,0.071196,-0.008746
1784614337958,1,0.402000,0.054426,-0.010814
1784614337992,1,0.407000,0.027138,-0.011286
1784614338025,1,0.408000,-0.000492,-0.011991
1784614338059,1,0.409000,-0.026564,-0.011002
1784614338092,1,0.407000,-0.049683,-0.010610
1784614338126,1,0.408000,-0.070070,-0.008605
1784614338162,1,0.409000,-0.085817,-0.003195
1784614338195,1,0.410000,-0.090100,0.001561
1784614338229,1,0.416000,-0.083498,0.006762
1784614338260,1,0.422000,-0.072125,0.012464
1784614338294,1,0.431000,-0.041908,0.018810
1784614338328,1,0.439000,-0.009978,0.023531
1784614338362,1,0.445000,0.015305,0.027177
1784614338395,1,0.450000,0.041926,0.030096
1784614338430,1,0.457000,0.066413,0.035495
1784614338462,1,0.462000,0.082056,0.040868
1784614338498,1,0.469000,0.096500,0.047715
1784614338532,1,0.477000,0.103674,0.048529
1784614338562,1,0.491000,0.098587,0.050768
1784614338596,1,0.507000,0.081234,0.052843
1784614338629,1,0.527000,0.054335,0.054491
1784614338663,1,0.541000,0.019950,0.053244
1784614338696,1,0.552000,-0.013460,0.051578
1784614338730,1,0.563000,-0.051015,0.048868
1784614338766,1,0.571000,-0.078683,0.048141
1784614338798,1,0.579000,-0.103752,0.045932
1784614338832,1,0.588000,-0.122888,0.044694
1784614338865,1,0.599000,-0.123700,0.045033
1784614338898,1,0.611000,-0.104934,0.040864
1784614338931,1,0.622000,-0.073868,0.036438
1784614338965,1,0.633000,-0.033252,0.033930
1784614338999,1,0.641000,0.008249,0.029571
1784614339033,1,0.645000,0.048347,0.027079
1784614339066,1,0.649000,0.086793,0.026709
1784614339100,1,0.647000,0.112771,0.021794
1784614339135,1,0.647000,0.133124,0.027163
1784614339168,1,0.649000,0.138371,0.029940
1784614339201,1,0.656000,0.121942,0.027541
1784614339234,1,0.665000,0.096640,0.028471
1784614339269,1,0.674000,0.056100,0.026059
1784614339301,1,0.678000,0.017144,0.026214
1784614339335,1,0.680000,-0.026714,0.026291
1784614339369,1,0.679000,-0.062088,0.026816
1784614339404,1,0.681000,-0.091586,0.031417
1784614339437,1,0.681000,-0.113573,0.034242
1784614339471,1,0.680000,-0.122976,0.038143
1784614339504,1,0.681000,-0.118083,0.039894
1784614339537,1,0.686000,-0.099074,0.043034
1784614339571,1,0.687000,-0.067938,0.043667
1784614339603,1,0.689000,-0.029350,0.042650
1784614339637,1,0.693000,0.016376,0.040597
1784614339672,1,0.695000,0.060725,0.037830
1784614339705,1,0.689000,0.097276,0.038076
1784614339739,1,0.685000,0.126766,0.037286
1784614339773,1,0.683000,0.141662,0.036610
1784614339807,1,0.687000,0.139079,0.035684
1784614339841,1,0.697000,0.120332,0.036204
1784614339873,1,0.705000,0.082610,0.033694
1784614339907,1,0.714000,0.043471,0.030569
1784614339942,1,0.717000,0.003291,0.029507
1784614339975,1,0.720000,-0.037227,0.027240
1784614340008,1,0.719000,-0.072888,0.026009
1784614340042,1,0.721000,-0.098757,0.025483
1784614340076,1,0.726000,-0.115669,0.028672
1784614340110,1,0.725000,-0.123312,0.031641
1784614340143,1,0.728000,-0.117193,0.033585
1784614340177,1,0.732000,-0.093597,0.037414
1784614340210,1,0.738000,-0.057097,0.038334
1784614340242,1,0.744000,-0.014447,0.038645
1784614340276,1,0.748000,0.032537,0.037611
1784614340310,1,0.751000,0.079296,0.030906
1784614340344,1,0.751000,0.119707,0.030283
1784614340377,1,0.747000,0.156792,0.030742
1784614340412,1,0.747000,0.174107,0.034461
1784614340445,1,0.752000,0.170915,0.034068
1784614340478,1,0.765000,0.152970,0.028943
1784614340511,1,0.781000,0.119963,0.025659
1784614340545,1,0.793000,0.073883,0.025395
1784614340578,1,0.797000,0.026091,0.020893
1784614340612,1,0.798000,-0.019459,0.017608
1784614340645,1,0.800000,-0.055271,0.012341
1784614340681,1,0.802000,-0.082630,0.011706
1784614340713,1,0.801000,-0.097778,0.016345
1784614340747,1,0.803000,-0.105335,0.019718
1784614340780,1,0.803000,-0.103341,0.017718
1784614340814,1,0.805000,-0.096267,0.014422
1784614340847,1,0.811000,-0.076172,0.015203
1784614340881,1,0.815000,-0.044837,0.017307
1784614340915,1,0.816000,-0.007063,0.014619
1784614340948,1,0.820000,0.030238,0.012649
1784614340982,1,0.824000,0.067904,0.012027
1784614341016,1,0.821000,0.101639,0.010621
1784614341049,1,0.818000,0.127678,0.012618
1784614341083,1,0.818000,0.141221,0.013976
1784614341116,1,0.822000,0.139190,0.014045
1784614341150,1,0.826000,0.118670,0.013427
1784614341183,1,0.835000,0.086091,0.014267
1784614341217,1,0.842000,0.042899,0.012290
1784614341250,1,0.841000,-0.003102,0.012275
1784614341284,1,0.844000,-0.047830,0.013720
1784614341317,1,0.840000,-0.088631,0.010169
1784614341351,1,0.842000,-0.119512,0.012989
1784614341386,1,0.841000,-0.140953,0.015067
1784614341419,1,0.837000,-0.146519,0.015690
1784614341452,1,0.840000,-0.132441,0.017838
1784614341485,1,0.838000,-0.102295,0.015709
1784614341520,1,0.840000,-0.060816,0.011564
1784614341552,1,0.833000,-0.014796,0.008702
1784614341586,1,0.832000,0.033436,0.010072
1784614341620,1,0.818000,0.076212,0.011261
1784614341654,1,0.806000,0.112460,0.013771
1784614341689,1,0.793000,0.139531,0.013549
1784614341722,1,0.778000,0.150417,0.013938
1784614341755,1,0.768000,0.142126,0.013759
1784614341790,1,0.766000,0.117025,0.014359
1784614341823,1,0.759000,0.079512,0.014228
1784614341855,1,0.751000,0.035154,0.014078
1784614341889,1,0.744000,-0.008903,0.014564
1784614341923,1,0.732000,-0.051179,0.013114
1784614341957,1,0.720000,-0.085506,0.012302
1784614341990,1,0.711000,-0.110336,0.013328
1784614342025,1,0.702000,-0.125793,0.014907
1784614342058,1,0.696000,-0.133936,0.017090
1784614342090,1,0.689000,-0.124604,0.016918
1784614342124,1,0.686000,-0.102481,0.017983
1784614342158,1,0.684000,-0.073304,0.016228
1784614342191,1,0.678000,-0.036739,0.012710
1784614342225,1,0.675000,0.000863,0.013214
1784614342258,1,0.668000,0.036799,0.013631
1784614342293,1,0.658000,0.065663,0.015611
1784614342326,1,0.651000,0.088677,0.015445
1784614342361,1,0.644000,0.104784,0.016348
1784614342393,1,0.640000,0.107842,0.016778
1784614342427,1,0.638000,0.096942,0.015666
1784614342460,1,0.643000,0.074280,0.016856
1784614342494,1,0.645000,0.039804,0.016373
1784614342528,1,0.646000,-0.000778,0.016399
1784614342560,1,0.645000,-0.041358,0.016373
1784614342594,1,0.643000,-0.080088,0.015789
1784614342628,1,0.640000,-0.110974,0.016246
1784614342661,1,0.639000,-0.137779,0.018873
1784614342696,1,0.638000,-0.150239,0.023079
1784614342729,1,0.637000,-0.147895,0.024100
1784614342762,1,0.640000,-0.131637,0.022089
1784614342795,1,0.645000,-0.104899,0.019050
1784614342829,1,0.649000,-0.070090,0.015936
1784614342862,1,0.651000,-0.034737,0.014905
1784614342896,1,0.652000,-0.001325,0.016010
1784614342931,1,0.653000,0.026242,0.015493
1784614342964,1,0.654000,0.046315,0.016059
1784614342999,1,0.653000,0.059758,0.015493
1784614343032,1,0.655000,0.064279,0.015540
1784614343066,1,0.657000,0.061756,0.015042
1784614343098,1,0.662000,0.048525,0.014607
1784614343133,1,0.667000,0.028461,0.013057
1784614343166,1,0.668000,0.002513,0.011413
1784614343200,1,0.669000,-0.025728,0.010875
1784614343233,1,0.671000,-0.051913,0.011465
1784614343266,1,0.673000,-0.075468,0.010382
1784614343301,1,0.674000,-0.096783,0.009278
1784614343334,1,0.677000,-0.110104,0.007634
1784614343368,1,0.679000,-0.113240,0.007093
1784614343401,1,0.681000,-0.103425,0.007114
1784614343435,1,0.684000,-0.081797,0.006578
1784614343469,1,0.686000,-0.055345,0.004889
1784614343503,1,0.689000,-0.023075,0.003195
1784614343535,1,0.693000,0.014655,0.000913
1784614343569,1,0.695000,0.045766,0.000916
1784614343603,1,0.691000,0.071816,0.000910
1784614343637,1,0.690000,0.088849,0.000909
1784614343672,1,0.690000,0.095703,0.000909
1784614343704,1,0.695000,0.090068,0.000339
1784614343738,1,0.698000,0.071966,-0.001977
1784614343770,1,0.705000,0.044674,-0.001997
1784614343805,1,0.708000,0.011455,-0.002593
1784614343837,1,0.710000,-0.028481,-0.002600
1784614343871,1,0.705000,-0.064465,-0.003752
1784614343905,1,0.706000,-0.094949,-0.001414
1784614343940,1,0.704000,-0.122071,-0.000825
1784614343973,1,0.703000,-0.135865,0.000343
1784614344006,1,0.701000,-0.129095,-0.000240
1784614344040,1,0.703000,-0.110258,-0.000824
1784614344073,1,0.709000,-0.079505,-0.003185
1784614344106,1,0.710000,-0.040236,-0.006136
1784614344140,1,0.708000,-0.002612,-0.007293
1784614344174,1,0.707000,0.036021,-0.006110
1784614344208,1,0.702000,0.065986,-0.006066
1784614344243,1,0.697000,0.090904,-0.007180
1784614344276,1,0.693000,0.106446,-0.007139
1784614344309,1,0.691000,0.110143,-0.008839
1784614344343,1,0.694000,0.102003,-0.009453
1784614344376,1,0.696000,0.078674,-0.012368
1784614344409,1,0.702000,0.045646,-0.011310
1784614344442,1,0.702000,0.006709,-0.010727
1784614344476,1,0.701000,-0.033343,-0.011294
1784614344510,1,0.698000,-0.070759,-0.010666
1784614344543,1,0.697000,-0.102970,-0.009494
1784614344577,1,0.695000,-0.128566,-0.006583
1784614344611,1,0.692000,-0.134312,-0.005980
1784614344644,1,0.691000,-0.123821,-0.005971
1784614344678,1,0.696000,-0.099365,-0.008325
1784614344715,1,0.696000,-0.062490,-0.011791
1784614344745,1,0.698000,-0.021643,-0.012404
1784614344778,1,0.698000,0.020539,-0.011825
1784614344812,1,0.696000,0.056779,-0.011213
1784614344846,1,0.691000,0.086117,-0.013427
1784614344879,1,0.687000,0.108937,-0.012779
1784614344914,1,0.685000,0.119394,-0.013310
1784614344946,1,0.687000,0.115762,-0.012779
1784614344980,1,0.689000,0.098417,-0.013388
1784614345013,1,0.697000,0.066093,-0.013543
1784614345047,1,0.699000,0.026933,-0.014742
1784614345081,1,0.699000,-0.013573,-0.014742
1784614345115,1,0.698000,-0.054002,-0.013563
1784614345148,1,0.695000,-0.086565,-0.011774
1784614345182,1,0.695000,-0.116483,-0.010620
1784614345217,1,0.692000,-0.133167,-0.009426
1784614345249,1,0.694000,-0.132402,-0.005997
1784614345283,1,0.693000,-0.113853,-0.008289
1784614345315,1,0.696000,-0.082656,-0.011213
1784614345349,1,0.698000,-0.043601,-0.012404
1784614345382,1,0.698000,-0.000841,-0.014721
1784614345416,1,0.698000,0.040185,-0.015300
1784614345450,1,0.695000,0.073958,-0.014658
1784614345484,1,0.688000,0.101691,-0.014510
1784614345518,1,0.685000,0.118827,-0.015015
1784614345552,1,0.686000,0.121272,-0.015037
1784614345585,1,0.689000,0.108684,-0.015675
1784614345618,1,0.694000,0.082470,-0.016365
1784614345651,1,0.699000,0.047765,-0.015902
1784614345686,1,0.701000,0.006119,-0.015948
1784614345719,1,0.699000,-0.034983,-0.016483
1784614345752,1,0.699000,-0.070861,-0.013002
1784614345786,1,0.695000,-0.100373,-0.012927
1784614345820,1,0.693000,-0.125901,-0.011165
1784614345854,1,0.692000,-0.135458,-0.009426
1784614345888,1,0.692000,-0.123428,-0.008852
1784614345920,1,0.694000,-0.102527,-0.010605
1784614345954,1,0.695000,-0.069880,-0.012351
1784614345988,1,0.696000,-0.027343,-0.015834
1784614346021,1,0.697000,0.014162,-0.015857
1784614346055,1,0.695000,0.051519,-0.016388
1784614346089,1,0.689000,0.082446,-0.015675
1784614346123,1,0.687000,0.106662,-0.015059
1784614346157,1,0.681000,0.118697,-0.014363
1784614346190,1,0.685000,0.118260,-0.014447
1784614346225,1,0.687000,0.101543,-0.015629
1784614346258,1,0.694000,0.071554,-0.016941
1784614346290,1,0.696000,0.032580,-0.016989
1784614346324,1,0.697000,-0.008918,-0.017014
1784614346358,1,0.695000,-0.047441,-0.016388
1784614346391,1,0.694000,-0.082993,-0.014061
1784614346425,1,0.691000,-0.110092,-0.011706
1784614346458,1,0.690000,-0.131639,-0.010544
1784614346492,1,0.688000,-0.134675,-0.009371
1784614346526,1,0.688000,-0.118727,-0.009371
1784614346559,1,0.688000,-0.092528,-0.011655
1784614346592,1,0.692000,-0.055829,-0.013446
1784614346627,1,0.692000,-0.013437,-0.015743
1784614346659,1,0.689000,0.027119,-0.016247
1784614346693,1,0.688000,0.063531,-0.013939
1784614346727,1,0.684000,0.091474,-0.011588
1784614346762,1,0.675000,0.110946,-0.009755
1784614346795,1,0.671000,0.116398,-0.008026
1784614346829,1,0.669000,0.107190,-0.006892
1784614346861,1,0.669000,0.083376,-0.006336
1784614346895,1,0.670000,0.048557,-0.006902
1784614346929,1,0.666000,0.006365,-0.006861
1784614346962,1,0.660000,-0.033578,-0.006251
1784614346996,1,0.653000,-0.072144,-0.004017
1784614347031,1,0.645000,-0.102230,0.000314
1784614347064,1,0.635000,-0.125352,0.002945
1784614347098,1,0.630000,-0.133752,0.006058
1784614347130,1,0.627000,-0.122215,0.007591
1784614347164,1,0.623000,-0.098743,0.006508
1784614347198,1,0.620000,-0.065932,0.001846
1784614347232,1,0.617000,-0.028326,0.000301
1784614347265,1,0.615000,0.009950,0.000810
1784614347298,1,0.609000,0.046153,0.001813
1784614347333,1,0.600000,0.075770,0.002284
1784614347366,1,0.593000,0.096486,0.003242
1784614347401,1,0.586000,0.107475,0.003690
1784614347434,1,0.585000,0.106807,0.004169
1784614347468,1,0.589000,0.093885,0.004198
1784614347501,1,0.594000,0.068128,0.002261
1784614347535,1,0.595000,0.036226,0.000784
1784614347567,1,0.595000,0.000268,0.000290
1784614347601,1,0.592000,-0.032079,0.001271
1784614347634,1,0.591000,-0.063337,0.004212
1784614347668,1,0.587000,-0.087206,0.006132
1784614347702,1,0.586000,-0.109857,0.006608
1784614347736,1,0.583000,-0.120396,0.008026
1784614347771,1,0.581000,-0.115173,0.007034
1784614347803,1,0.583000,-0.094333,0.006090
1784614347836,1,0.587000,-0.065338,0.005645
1784614347869,1,0.588000,-0.028455,0.002727
1784614347903,1,0.586000,0.008511,0.001745
1784614347937,1,0.585000,0.043365,0.002713
1784614347971,1,0.580000,0.070363,0.002208
1784614348006,1,0.576000,0.083229,0.003149
1784614348039,1,0.577000,0.081463,0.004112
1784614348072,1,0.578000,0.069164,0.004119
1784614348106,1,0.582000,0.050852,0.004631
1784614348139,1,0.585000,0.027384,0.004169
1784614348173,1,0.581000,0.004591,0.001730
1784614348207,1,0.579000,-0.013160,0.002204
1784614348241,1,0.577000,-0.026489,0.004112
1784614348274,1,0.577000,-0.034610,0.004591
1784614348307,1,0.577000,-0.039386,0.004591
1784614348341,1,0.575000,-0.040202,0.003621
1784614348374,1,0.574000,-0.038706,0.004091
1784614348408,1,0.573000,-0.037690,0.004084
1784614348442,1,0.573000,-0.033895,0.004084
1784614348476,1,0.572000,-0.034310,0.002652
1784614348510,1,0.571000,-0.034722,0.003122
1784614348543,1,0.571000,-0.034250,0.002648
1784614348576,1,0.570000,-0.034662,0.002170
1784614348610,1,0.571000,-0.033777,0.003122
1784614348644,1,0.570000,-0.032302,0.002643
1784614348677,1,0.572000,-0.031942,0.003127
1784614348710,1,0.572000,-0.031942,0.003127
1784614348749,1,0.574000,-0.030628,0.002662
1784614348778,1,0.573000,-0.028677,0.002657
1784614348811,1,0.575000,-0.022589,0.004098
1784614348845,1,0.577000,-0.013115,0.004112
1784614348878,1,0.579000,-0.004053,0.003646
1784614348912,1,0.580000,0.003622,0.003652
1784614348945,1,0.580000,0.010825,0.003171
1784614348979,1,0.582000,0.014716,0.003182
1784614349013,1,0.584000,0.016217,0.003677
1784614349048,1,0.585000,0.013339,0.002713
1784614349080,1,0.585000,0.010434,0.000771
1784614349113,1,0.588000,0.008053,0.002239
1784614349147,1,0.588000,0.006106,0.000287
1784614349180,1,0.590000,0.003196,0.000288
1784614349215,1,0.592000,0.001247,0.000289
1784614349249,1,0.596000,0.000762,0.000785
1784614349281,1,0.597000,0.000763,0.000786
1784614349315,1,0.598000,0.000269,0.000291
1784614349349,1,0.602000,0.000770,0.001792
1784614349383,1,0.601000,0.002261,0.000293
1784614349416,1,0.603000,0.004265,0.001295
1784614349450,1,0.605000,0.005782,0.001801
1784614349483,1,0.606000,0.006795,0.001804
1784614349518,1,0.605000,0.008787,0.001801
1784614349551,1,0.606000,0.010808,0.003816
1784614349583,1,0.603000,0.012751,0.003797
1784614349618,1,0.601000,0.014202,0.003286
1784614349651,1,0.601000,0.014699,0.002787
1784614349685,1,0.599000,0.014155,0.003275
1784614349719,1,0.600000,0.013185,0.004276
1784614349752,1,0.600000,0.010204,0.003280
1784614349786,1,0.602000,0.007248,0.004290
1784614349820,1,0.602000,0.006252,0.004290
1784614349852,1,0.603000,0.004265,0.004297
1784614349886,1,0.605000,0.004279,0.004312
1784614349920,1,0.609000,0.004308,0.004340
1784614349954,1,0.610000,0.004315,0.003335
1784614349987,1,0.613000,0.004336,0.002334
1784614350022,1,0.618000,0.003348,0.002353
1784614350054,1,0.622000,0.004915,0.001852
1784614350088,1,0.629000,0.006011,0.003961
1784614350122,1,0.631000,0.006553,0.002402
1784614350155,1,0.635000,0.011325,0.001891
1784614350189,1,0.639000,0.017216,0.001372
1784614350223,1,0.642000,0.023674,0.001379
1784614350257,1,0.647000,0.033500,0.001389
1784614350290,1,0.649000,0.042200,0.001394
1784614350323,1,0.649000,0.052408,0.003009
1784614350357,1,0.650000,0.064327,0.003014
1784614350390,1,0.649000,0.074436,0.003548
1784614350425,1,0.649000,0.082495,0.004087
1784614350458,1,0.647000,0.089739,0.004074
1784614350492,1,0.645000,0.093200,0.002456
1784614350525,1,0.647000,0.094560,0.000315
1784614350558,1,0.652000,0.091512,-0.000223
1784614350592,1,0.653000,0.083544,-0.002933
1784614350625,1,0.660000,0.069687,-0.005704
1784614350658,1,0.665000,0.053149,-0.007402
1784614350693,1,0.675000,0.035508,-0.006954
1784614350726,1,0.676000,0.017653,-0.008086
1784614350760,1,0.681000,0.000871,-0.007015
1784614350793,1,0.679000,-0.014309,-0.008685
1784614350826,1,0.679000,-0.026113,-0.008122
1784614350860,1,0.683000,-0.033617,-0.006469
1784614350895,1,0.680000,-0.035721,-0.006441
1784614350927,1,0.681000,-0.034083,-0.007015
1784614350961,1,0.679000,-0.027237,-0.008122
1784614350994,1,0.679000,-0.018806,-0.008685
1784614351028,1,0.680000,-0.010952,-0.009827
1784614351062,1,0.683000,-0.003085,-0.009870
1784614351095,1,0.683000,0.008224,-0.011004
1784614351129,1,0.685000,0.017888,-0.011605
1784614351162,1,0.685000,0.024126,-0.012173
1784614351195,1,0.688000,0.027649,-0.011084
1784614351229,1,0.691000,0.026053,-0.011706
1784614351262,1,0.693000,0.022113,-0.012315
1784614351296,1,0.695000,0.017574,-0.011197
1784614351330,1,0.694000,0.012952,-0.012333
1784614351363,1,0.696000,0.007804,-0.012946
1784614351397,1,0.694000,0.002611,-0.011181
1784614351431,1,0.692000,-0.003125,-0.008852
1784614351464,1,0.688000,-0.009372,-0.005945
1784614351499,1,0.679000,-0.018244,-0.005868
1784614351532,1,0.671000,-0.029138,-0.003571
1784614351566,1,0.662000,-0.044092,-0.001326
1784614351599,1,0.652000,-0.062857,0.000859
1784614351633,1,0.639000,-0.080648,0.000842
1784614351666,1,0.631000,-0.102100,0.002402
1784614351700,1,0.621000,-0.120532,0.000818
1784614351734,1,0.614000,-0.137980,0.000299
1784614351767,1,0.608000,-0.150725,-0.002731
1784614351801,1,0.603000,-0.157472,-0.007713
1784614351834,1,0.605000,-0.156492,-0.011253
1784614351867,1,0.604000,-0.151233,-0.017250
1784614351901,1,0.604000,-0.141733,-0.022764
1784614351934,1,0.607000,-0.127864,-0.024388
1784614351969,1,0.610000,-0.112337,-0.024509
1784614352003,1,0.609000,-0.101061,-0.023458
1784614352036,1,0.612000,-0.090413,-0.019510
1784614352070,1,0.611000,-0.078126,-0.018464
1784614352104,1,0.611000,-0.064469,-0.014915
1784614352137,1,0.611000,-0.047271,-0.012886
1784614352170,1,0.615000,-0.026706,-0.010419
1784614352204,1,0.618000,-0.004326,-0.006366
1784614352237,1,0.622000,0.020362,-0.003310
1784614352273,1,0.624000,0.041607,-0.002803
1784614352305,1,0.626000,0.054178,0.000305
1784614352340,1,0.631000,0.060357,0.002926
1784614352374,1,0.632000,0.057837,0.001357
1784614352407,1,0.638000,0.046238,0.002958
1784614352440,1,0.643000,0.027437,0.002982
1784614352475,1,0.645000,0.004562,0.003526
1784614352507,1,0.643000,-0.019938,0.001381
1784614352541,1,0.646000,-0.045166,0.002996
1784614352574,1,0.645000,-0.066988,0.003526
1784614352608,1,0.648000,-0.085002,0.006232
1784614352641,1,0.647000,-0.094512,0.006222
1784614352676,1,0.649000,-0.093193,0.006780
1784614352709,1,0.649000,-0.082985,0.005164
1784614352742,1,0.653000,-0.064576,0.004654
1784614352775,1,0.654000,-0.038687,0.003575
1784614352810,1,0.654000,-0.010534,0.002490
1784614352843,1,0.655000,0.019273,0.001950
1784614352877,1,0.655000,0.043132,0.001950
1784614352913,1,0.651000,0.061192,0.001938
1784614352946,1,0.649000,0.071749,0.001932
1784614352979,1,0.647000,0.073671,0.000852
1784614353012,1,0.649000,0.068526,-0.000222
1784614353046,1,0.652000,0.053730,-0.000223
1784614353079,1,0.654000,0.033862,-0.000767
1784614353113,1,0.654000,0.007333,-0.002395
1784614353144,1,0.654000,-0.022986,-0.002395
1784614353178,1,0.653000,-0.052142,-0.002391
1784614353212,1,0.651000,-0.076773,-0.002384
1784614353246,1,0.651000,-0.096713,-0.000763
1784614353280,1,0.649000,-0.103401,-0.000222
1784614353313,1,0.651000,-0.096713,0.000317
1784614353346,1,0.651000,-0.080546,-0.001844
1784614353379,1,0.655000,-0.054471,-0.002399
1784614353413,1,0.657000,-0.023091,-0.002406
1784614353447,1,0.654000,0.009499,-0.005652
1784614353482,1,0.656000,0.040482,-0.006213
1784614353516,1,0.653000,0.066786,-0.006727
1784614353549,1,0.651000,0.084905,-0.005626
1784614353582,1,0.651000,0.092989,-0.005085
1784614353617,1,0.651000,0.091372,-0.005626
1784614353649,1,0.657000,0.078073,-0.005678
1784614353684,1,0.661000,0.056113,-0.006261
1784614353716,1,0.664000,0.023386,-0.006289
1784614353749,1,0.666000,-0.014586,-0.005755
1784614353783,1,0.665000,-0.052550,-0.006299
1784614353817,1,0.662000,-0.086291,-0.005171
1784614353850,1,0.662000,-0.115885,-0.001875
1784614353884,1,0.659000,-0.133363,0.000868
1784614353918,1,0.659000,-0.131180,0.001962
1784614353952,1,0.657000,-0.111746,-0.000770
1784614353984,1,0.662000,-0.082455,-0.003523
1784614354017,1,0.665000,-0.048146,-0.005195
1784614354051,1,0.665000,-0.010160,-0.005747
1784614354086,1,0.662000,0.027700,-0.005171
1784614354119,1,0.660000,0.060945,-0.005704
1784614354153,1,0.655000,0.084884,-0.006204
1784614354189,1,0.655000,0.102236,-0.005117
1784614354222,1,0.655000,0.106032,-0.004573
1784614354254,1,0.655000,0.098982,-0.005117
1784614354289,1,0.659000,0.076128,-0.005695
1784614354321,1,0.664000,0.045374,-0.006289
1784614354354,1,0.666000,0.011878,-0.005755
1784614354387,1,0.662000,-0.026555,-0.006820
1784614354420,1,0.661000,-0.062631,-0.006809
1784614354454,1,0.659000,-0.095174,-0.004601
1784614354489,1,0.657000,-0.121536,-0.000770
1784614354524,1,0.655000,-0.136891,0.000863
1784614354556,1,0.656000,-0.130583,0.000864
1784614354589,1,0.657000,-0.108483,0.000320
1784614354623,1,0.660000,-0.079474,-0.002965
1784614354656,1,0.663000,-0.046354,-0.005729
1784614354690,1,0.664000,-0.008496,-0.005187
1784614354724,1,0.665000,0.028376,-0.005747
1784614354760,1,0.663000,0.061222,-0.004629
1784614354794,1,0.660000,0.085532,-0.004060
1784614354827,1,0.657000,0.102004,-0.004587
1784614354861,1,0.660000,0.106295,-0.004060
1784614354893,1,0.664000,0.094846,-0.005187
1784614354927,1,0.670000,0.075180,-0.005790
1784614354961,1,0.675000,0.046684,-0.006954
1784614354992,1,0.679000,0.010424,-0.006431
1784614355025,1,0.680000,-0.026714,-0.007569
1784614355059,1,0.682000,-0.061798,-0.006460
1784614355093,1,0.683000,-0.095813,-0.004202
1784614355126,1,0.686000,-0.124629,-0.001943
1784614355161,1,0.689000,-0.141145,0.000336
1784614355195,1,0.693000,-0.137375,0.000338
1784614355227,1,0.697000,-0.115087,-0.000817
1784614355262,1,0.704000,-0.085355,-0.006084
1784614355295,1,0.711000,-0.049122,-0.007914
1784614355328,1,0.715000,-0.008556,-0.007366
1784614355362,1,0.717000,0.031782,-0.007386
1784614355396,1,0.715000,0.067208,-0.007366
1784614355430,1,0.711000,0.092730,-0.006144
1784614355465,1,0.705000,0.110624,-0.007263
1784614355497,1,0.704000,0.116295,-0.006084
1784614355532,1,0.702000,0.103179,-0.007232
1784614355564,1,0.700000,0.079706,-0.008373
1784614355597,1,0.698000,0.047119,-0.007190
1784614355631,1,0.691000,0.011180,-0.007118
1784614355664,1,0.679000,-0.024427,-0.007558
1784614355697,1,0.667000,-0.060438,-0.006318
1784614355731,1,0.652000,-0.087146,-0.004011
1784614355765,1,0.638000,-0.113796,-0.001807
1784614355800,1,0.622000,-0.127420,0.000303
1784614355833,1,0.605000,-0.122935,-0.000709
1784614355866,1,0.592000,-0.106081,-0.001185
1784614355899,1,0.578000,-0.083955,-0.003556
1784614355933,1,0.567000,-0.058418,-0.006782
1784614355967,1,0.553000,-0.029050,-0.007991
1784614356001,1,0.542000,-0.001551,-0.007833
1784614356036,1,0.532000,0.021380,-0.007688
1784614356070,1,0.522000,0.039127,-0.004944
1784614356103,1,0.513000,0.049919,-0.003582
1784614356136,1,0.505000,0.053739,-0.003107
1784614356170,1,0.501000,0.052070,-0.002666
1784614356204,1,0.499000,0.041947,-0.000171
1784614356238,1,0.499000,0.025011,0.001071
1784614356269,1,0.496000,0.003508,0.001888
1784614356309,1,0.493000,-0.019368,0.002695
1784614356337,1,0.491000,-0.040019,0.003907
1784614356371,1,0.492000,-0.062910,0.005548
1784614356403,1,0.491000,-0.079854,0.006352
1784614356437,1,0.493000,-0.089158,0.008832
1784614356471,1,0.496000,-0.087237,0.009710
1784614356504,1,0.499000,-0.078263,0.011011
1784614356538,1,0.507000,-0.058112,0.010766
1784614356572,1,0.513000,-0.034168,0.012597
1784614356606,1,0.519000,-0.004922,0.013175
1784614356642,1,0.522000,0.022706,0.013251
1784614356675,1,0.526000,0.048136,0.012479
1784614356707,1,0.529000,0.068117,0.012990
1784614356743,1,0.529000,0.079942,0.013429
1784614356774,1,0.534000,0.084676,0.013112
1784614356810,1,0.538000,0.077739,0.012764
1784614356844,1,0.546000,0.061718,0.011141
1784614356875,1,0.551000,0.036740,0.009414
1784614356908,1,0.555000,0.006682,0.008561
1784614356943,1,0.555000,-0.024560,0.007640
1784614356974,1,0.558000,-0.054257,0.009534
1784614357009,1,0.558000,-0.083359,0.010923
1784614357042,1,0.557000,-0.109493,0.011366
1784614357076,1,0.556000,-0.125406,0.013653
1784614357110,1,0.559000,-0.122381,0.014654
1784614357142,1,0.561000,-0.109351,0.013310
1784614357176,1,0.564000,-0.087524,0.011509
1784614357210,1,0.564000,-0.059977,0.009168
1784614357245,1,0.563000,-0.030041,0.009152
1784614357277,1,0.564000,-0.003014,0.011041
1784614357312,1,0.564000,0.021265,0.011041
1784614357345,1,0.559000,0.033108,0.011871
1784614357381,1,0.554000,0.041067,0.011764
1784614357412,1,0.551000,0.041757,0.012615
1784614357446,1,0.548000,0.032910,0.013911
1784614357479,1,0.546000,0.019682,0.013407
1784614357514,1,0.543000,-0.000654,0.014685
1784614357548,1,0.536000,-0.020614,0.015831
1784614357581,1,0.530000,-0.041882,0.016973
1784614357615,1,0.526000,-0.062032,0.019028
1784614357647,1,0.520000,-0.078974,0.020105
1784614357681,1,0.519000,-0.088704,0.023943
1784614357715,1,0.517000,-0.085794,0.024709
1784614357749,1,0.516000,-0.077512,0.025946
1784614357783,1,0.515000,-0.059882,0.025468
1784614357818,1,0.515000,-0.037712,0.020339
1784614357850,1,0.518000,-0.014347,0.020888
1784614357883,1,0.517000,0.010077,0.012695
1784614357916,1,0.519000,0.029450,0.010590
1784614357952,1,0.518000,0.046546,0.006271
1784614357984,1,0.519000,0.054800,0.005852
1784614358018,1,0.520000,0.056627,0.004137
1784614358051,1,0.521000,0.052423,0.004145
1784614358086,1,0.522000,0.039127,0.005453
1784614358119,1,0.526000,0.022009,0.005495
1784614358151,1,0.529000,0.000676,0.005965
1784614358186,1,0.529000,-0.024286,0.005526
1784614358220,1,0.529000,-0.046620,0.005087
1784614358253,1,0.530000,-0.066891,0.008616
1784614358285,1,0.528000,-0.081063,0.009021
1784614358319,1,0.528000,-0.082811,0.011651
1784614358354,1,0.529000,-0.077275,0.012112
1784614358386,1,0.530000,-0.065136,0.010375
1784614358421,1,0.530000,-0.047147,0.008176
1784614358455,1,0.531000,-0.025257,0.008191
1784614358489,1,0.531000,-0.004157,0.008191
1784614358523,1,0.531000,0.017383,0.007751
1784614358557,1,0.530000,0.033146,0.005976
1784614358591,1,0.527000,0.042120,0.004631
1784614358624,1,0.528000,0.045259,0.004201
1784614358657,1,0.531000,0.040242,0.005988
1784614358690,1,0.530000,0.030074,0.003777
1784614358724,1,0.531000,0.015185,0.002903
1784614358757,1,0.529000,-0.001951,0.000697
1784614358790,1,0.529000,-0.020782,0.001136
1784614358826,1,0.527000,-0.038155,0.001132
1784614358858,1,0.527000,-0.052552,0.002444
1784614358892,1,0.528000,-0.062268,0.005078
1784614358925,1,0.525000,-0.067564,0.004613
1784614358960,1,0.525000,-0.064087,0.004613
1784614358994,1,0.526000,-0.054629,0.003749
1784614359026,1,0.526000,-0.041566,0.003749
1784614359061,1,0.526000,-0.028067,0.004185
1784614359095,1,0.528000,-0.011564,0.005078
1784614359127,1,0.527000,0.005473,0.004631
1784614359162,1,0.525000,0.015883,0.004613
1784614359194,1,0.524000,0.021926,0.004604
1784614359230,1,0.523000,0.022750,0.003727
1784614359262,1,0.523000,0.017121,0.005029
1784614359295,1,0.520000,0.010566,0.004569
1784614359330,1,0.519000,0.001952,0.004560
1784614359363,1,0.514000,-0.006151,-0.000176
1784614359397,1,0.514000,-0.017214,0.001530
1784614359430,1,0.510000,-0.024258,-0.000598
1784614359464,1,0.510000,-0.028902,0.000672
1784614359497,1,0.507000,-0.030411,-0.001857
1784614359530,1,0.508000,-0.029209,-0.000596
1784614359564,1,0.507000,-0.025794,-0.000594
1784614359597,1,0.507000,-0.022017,-0.000174
1784614359632,1,0.507000,-0.017400,0.000247
1784614359664,1,0.506000,-0.014433,-0.000173
1784614359698,1,0.503000,-0.012266,-0.001425
1784614359733,1,0.504000,-0.008118,0.000246
1784614359767,1,0.503000,-0.006852,-0.001007
1784614359798,1,0.501000,-0.007240,-0.001419
1784614359834,1,0.499000,-0.006385,-0.002242
1784614359866,1,0.498000,-0.004311,-0.002650
1784614359900,1,0.497000,-0.003890,-0.001408
1784614359935,1,0.494000,-0.001822,-0.003449
1784614359967,1,0.492000,0.000222,-0.003843
1784614360000,1,0.490000,0.001032,-0.004641
1784614360035,1,0.490000,0.002655,-0.003828
1784614360068,1,0.490000,0.003466,-0.003828
1784614360102,1,0.488000,0.002240,-0.004217
1784614360135,1,0.488000,0.003048,-0.003407
1784614360168,1,0.488000,0.003048,-0.002597
1784614360201,1,0.485000,0.001022,-0.002984
1784614360237,1,0.484000,-0.000583,-0.003781
1784614360270,1,0.484000,-0.000984,-0.003379
1784614360304,1,0.483000,-0.002181,-0.003773
1784614360336,1,0.483000,-0.002581,-0.004174
1784614360371,1,0.483000,-0.004181,-0.003372
1784614360405,1,0.482000,-0.004172,-0.004165
1784614360438,1,0.482000,-0.003773,-0.002965
1784614360472,1,0.482000,-0.003374,-0.002565
1784614360505,1,0.483000,-0.001382,-0.002170
1784614360541,1,0.483000,0.001817,-0.002170
1784614360573,1,0.483000,0.001017,-0.000566
1784614360605,1,0.484000,0.000619,-0.000166
1784614360638,1,0.483000,-0.000582,0.001037
1784614360674,1,0.483000,-0.001782,0.001438
1784614360707,1,0.483000,-0.002981,0.001839
1784614360741,1,0.484000,-0.004991,0.002244
1784614360774,1,0.483000,-0.006980,0.001839
1784614360807,1,0.483000,-0.007779,0.001839
1784614360842,1,0.484000,-0.008597,0.002646
1784614360875,1,0.484000,-0.009398,0.002646
1784614360909,1,0.492000,-0.009146,0.003915
1784614360941,1,0.000000,0.000000,0.000000
1784614360976,1,0.000000,0.000000,0.000000
1784614361008,1,0.000000,0.000000,0.000000
1784614361041,1,0.000000,0.000000,0.000000
1784614361073,1,0.000000,0.000000,0.000000
1784614361107,1,0.000000,0.000000,0.000000
1784614361309,1,0.000000,0.000000,0.000000
1784614361344,1,0.000000,0.000000,0.000000
1784614361378,1,0.502000,-0.019722,0.006911
1784614361411,1,0.503000,-0.021843,0.006507
1784614361445,1,0.504000,-0.023972,0.006102
1784614361481,1,0.507000,-0.026214,0.007400
1784614361512,1,0.510000,-0.024680,0.007444
1784614361546,1,0.508000,-0.025004,0.006150
1784614361582,1,0.510000,-0.022991,0.006597
1784614361616,1,0.510000,-0.021725,0.007867
1784614361647,1,0.512000,-0.017995,0.007473
1784614361681,1,0.511000,-0.016691,0.007035
1784614361715,1,0.509000,-0.014940,0.006162
1784614361748,1,0.508000,-0.013229,0.005307
1784614361783,1,0.508000,-0.012387,0.006150
1784614361816,1,0.508000,-0.011967,0.005728
1784614361850,1,0.506000,-0.013595,0.004866
1784614361882,1,0.504000,-0.013959,0.004428
1784614361915,1,0.503000,-0.015597,0.005255
1784614361951,1,0.501000,-0.015120,0.004818
1784614361984,1,0.501000,-0.015950,0.004818
1784614362016,1,0.499000,-0.017951,0.004385
1784614362051,1,0.498000,-0.017915,0.005202
1784614362084,1,0.498000,-0.017915,0.006029
1784614362118,1,0.497000,-0.018702,0.006017
1784614362152,1,0.497000,-0.017468,0.004779
1784614362184,1,0.495000,-0.020266,0.004349
1784614362219,1,0.494000,-0.018998,0.003931
1784614362251,1,0.493000,-0.018552,0.003514
